Workbook

Sheet 견적대비실투입(월별)
B2: 협력사 | C2: 25.2월 | G2: 25.3월 | K2: 25.4월 | O2: 25.5월 | S2: 25.6월 | W2: 25.7월 | AA2: 25.8월 | AE2: 25.9월 | AI2: 25.10월 | AM2: 25.11월 | AQ2: 25.12월 | AU2: 26.01월 | AY2: 26.02월 | BC2: 26.03월 | BG2: 26.04월
C3: 견적 | D3: 실투입 | E3: 차이 | G3: 견적 | H3: 실투입 | I3: 차이 | K3: 견적 | L3: 실투입 | M3: 차이 | O3: 견적 | P3: 실투입 | Q3: 차이 | S3: 견적 | T3: 실투입 | U3: 차이 | W3: 견적 | X3: 실투입 | Y3: 차이 | AA3: 견적 | AB3: 실투입 | AC3: 차이 | AE3: 견적 | AF3: 실투입 | AG3: 차이 | AI3: 견적 | AJ3: 실투입 | AK3: 차이 | AM3: 견적 | AN3: 실투입 | AO3: 차이 | AQ3: 견적 | AR3: 실투입 | AS3: 차이 | AU3: 견적 | AV3: 실투입 | AW3: 차이 | AY3: 견적 | AZ3: 실투입 | BA3: 차이 | BC3: 견적 | BD3: 실투입 | BE3: 차이 | BG3: 견적 | BH3: 실투입 | BI3: 차이
B4: kt ds | C4: =견적기준통합!M4 -> 16 | D4: =협력사등급별MM!M5 -> 13.75 | E4: =D4-C4 -> -2.25 | G4: =견적기준통합!N4 -> 16.5 | H4: =협력사등급별MM!O5 -> 16.5 | I4: =H4-G4 -> 0 | K4: =견적기준통합!O4 -> 20 | L4: =협력사등급별MM!Q5 -> 17.5 | M4: =L4-K4 -> -2.5 | O4: =견적기준통합!P4 -> 21 | P4: =협력사등급별MM!S5 -> 16.7 | Q4: =P4-O4 -> -4.3 | S4: =견적기준통합!Q4 -> 23 | T4: =협력사등급별MM!U5 -> 18 | U4: =T4-S4 -> -5 | W4: =견적기준통합!R4 -> 24 | X4: =협력사등급별MM!W5 -> 23 | Y4: =X4-W4 -> -1 | AA4: =견적기준통합!S4 -> 23 | AB4: =협력사등급별MM!Y5 -> 25.5 | AC4: =AB4-AA4 -> 2.5 | AE4: =견적기준통합!T4 -> 24 | AF4: =협력사등급별MM!AA5 -> 24.5 | AG4: =AF4-AE4 -> 0.5 | AI4: =견적기준통합!U4 -> 26 | AJ4: =협력사등급별MM!AC5 -> 26 | AK4: =AJ4-AI4 -> 0 | AM4: =견적기준통합!V4 -> 27.5 | AN4: =협력사등급별MM!AE5 -> 30 | AO4: =AN4-AM4 -> 2.5 | AQ4: =견적기준통합!W4 -> 26.5 | AR4: =협력사등급별MM!AG5 -> 29.5 | AS4: =AR4-AQ4 -> 3 | AU4: =견적기준통합!X4 -> 24.5 | AV4: =협력사등급별MM!AI5 -> 27.5 | AW4: =AV4-AU4 -> 3 | AY4: =견적기준통합!Y4 -> 20 | AZ4: =협력사등급별MM!AK5 -> 21.2 | BA4: =AZ4-AY4 -> 1.2 | BC4: =견적기준통합!Z4 -> 15 | BD4: =협력사등급별MM!AM5 -> 18 | BE4: =BD4-BC4 -> 3 | BG4: =견적기준통합!AA4 -> 8 | BH4: =협력사등급별MM!AO5 -> 11.8 | BI4: =BH4-BG4 -> 3.8
B5: SGSecurity | C5: =견적기준통합!M5 -> 0 | D5: =협력사등급별MM!M6 -> 0 | E5: =D5-C5 -> 0 | G5: =견적기준통합!N5 -> 0 | H5: =협력사등급별MM!O6 -> 0.5 | I5: =H5-G5 -> 0.5 | K5: =견적기준통합!O5 -> 1 | L5: =협력사등급별MM!Q6 -> 0.5 | M5: =L5-K5 -> -0.5 | O5: =견적기준통합!P5 -> 1 | P5: =협력사등급별MM!S6 -> 0.75 | Q5: =P5-O5 -> -0.25 | S5: =견적기준통합!Q5 -> 0 | T5: =협력사등급별MM!U6 -> 0.5 | U5: =T5-S5 -> 0.5 | W5: =견적기준통합!R5 -> 0 | X5: =협력사등급별MM!W6 -> 0 | Y5: =X5-W5 -> 0 | AA5: =견적기준통합!S5 -> 0 | AB5: =협력사등급별MM!Y6 -> 0 | AC5: =AB5-AA5 -> 0 | AE5: =견적기준통합!T5 -> 0 | AF5: =협력사등급별MM!AA6 -> 0.75 | AG5: =AF5-AE5 -> 0.75 | AI5: =견적기준통합!U5 -> 0 | AJ5: =협력사등급별MM!AC6 -> 0 | AK5: =AJ5-AI5 -> 0 | AM5: =견적기준통합!V5 -> 0.5 | AN5: =협력사등급별MM!AE6 -> 1.75 | AO5: =AN5-AM5 -> 1.25 | AQ5: =견적기준통합!W5 -> 2 | AR5: =협력사등급별MM!AG6 -> 2.5 | AS5: =AR5-AQ5 -> 0.5 | AU5: =견적기준통합!X5 -> 2 | AV5: =협력사등급별MM!AI6 -> 0 | AW5: =AV5-AU5 -> -2 | AY5: =견적기준통합!Y5 -> 0.75 | AZ5: =협력사등급별MM!AK6 -> 0 | BA5: =AZ5-AY5 -> -0.75 | BC5: =견적기준통합!Z5 -> 0 | BD5: =협력사등급별MM!AM6 -> 0 | BE5: =BD5-BC5 -> 0 | BG5: =견적기준통합!AA5 -> 0 | BH5: =협력사등급별MM!AO6 -> 0 | BI5: =BH5-BG5 -> 0
B6: 비플컨설팅 | C6: =견적기준통합!M6 -> 0 | D6: =협력사등급별MM!M7 -> 0 | E6: =D6-C6 -> 0 | G6: =견적기준통합!N6 -> 0 | H6: =협력사등급별MM!O7 -> 0 | I6: =H6-G6 -> 0 | K6: =견적기준통합!O6 -> 0 | L6: =협력사등급별MM!Q7 -> 0 | M6: =L6-K6 -> 0 | O6: =견적기준통합!P6 -> 2 | P6: =협력사등급별MM!S7 -> 1.25 | Q6: =P6-O6 -> -0.75 | S6: =견적기준통합!Q6 -> 6.5 | T6: =협력사등급별MM!U7 -> 5 | U6: =T6-S6 -> -1.5 | W6: =견적기준통합!R6 -> 7 | X6: =협력사등급별MM!W7 -> 7 | Y6: =X6-W6 -> 0 | AA6: =견적기준통합!S6 -> 7 | AB6: =협력사등급별MM!Y7 -> 7 | AC6: =AB6-AA6 -> 0 | AE6: =견적기준통합!T6 -> 7 | AF6: =협력사등급별MM!AA7 -> 7 | AG6: =AF6-AE6 -> 0 | AI6: =견적기준통합!U6 -> 7.5 | AJ6: =협력사등급별MM!AC7 -> 7.5 | AK6: =AJ6-AI6 -> 0 | AM6: =견적기준통합!V6 -> 7.5 | AN6: =협력사등급별MM!AE7 -> 8 | AO6: =AN6-AM6 -> 0.5 | AQ6: =견적기준통합!W6 -> 7 | AR6: =협력사등급별MM!AG7 -> 7.5 | AS6: =AR6-AQ6 -> 0.5 | AU6: =견적기준통합!X6 -> 7 | AV6: =협력사등급별MM!AI7 -> 7 | AW6: =AV6-AU6 -> 0 | AY6: =견적기준통합!Y6 -> 7 | AZ6: =협력사등급별MM!AK7 -> 7 | BA6: =AZ6-AY6 -> 0 | BC6: =견적기준통합!Z6 -> 4 | BD6: =협력사등급별MM!AM7 -> 4.5 | BE6: =BD6-BC6 -> 0.5 | BG6: =견적기준통합!AA6 -> 0 | BH6: =협력사등급별MM!AO7 -> 1.25 | BI6: =BH6-BG6 -> 1.25
B7: 이너웨이브 | C7: =견적기준통합!M7 -> 2 | D7: =협력사등급별MM!M8 -> 2 | E7: =D7-C7 -> 0 | G7: =견적기준통합!N7 -> 4 | H7: =협력사등급별MM!O8 -> 2 | I7: =H7-G7 -> -2 | K7: =견적기준통합!O7 -> 5 | L7: =협력사등급별MM!Q8 -> 5 | M7: =L7-K7 -> 0 | O7: =견적기준통합!P7 -> 5 | P7: =협력사등급별MM!S8 -> 5 | Q7: =P7-O7 -> 0 | S7: =견적기준통합!Q7 -> 4 | T7: =협력사등급별MM!U8 -> 5 | U7: =T7-S7 -> 1 | W7: =견적기준통합!R7 -> 5 | X7: =협력사등급별MM!W8 -> 5 | Y7: =X7-W7 -> 0 | AA7: =견적기준통합!S7 -> 4 | AB7: =협력사등급별MM!Y8 -> 4 | AC7: =AB7-AA7 -> 0 | AE7: =견적기준통합!T7 -> 3 | AF7: =협력사등급별MM!AA8 -> 3 | AG7: =AF7-AE7 -> 0 | AI7: =견적기준통합!U7 -> 3 | AJ7: =협력사등급별MM!AC8 -> 3 | AK7: =AJ7-AI7 -> 0 | AM7: =견적기준통합!V7 -> 2 | AN7: =협력사등급별MM!AE8 -> 3 | AO7: =AN7-AM7 -> 1 | AQ7: =견적기준통합!W7 -> 2 | AR7: =협력사등급별MM!AG8 -> 2 | AS7: =AR7-AQ7 -> 0 | AU7: =견적기준통합!X7 -> 2 | AV7: =협력사등급별MM!AI8 -> 2 | AW7: =AV7-AU7 -> 0 | AY7: =견적기준통합!Y7 -> 2 | AZ7: =협력사등급별MM!AK8 -> 2 | BA7: =AZ7-AY7 -> 0 | BC7: =견적기준통합!Z7 -> 2 | BD7: =협력사등급별MM!AM8 -> 2 | BE7: =BD7-BC7 -> 0 | BG7: =견적기준통합!AA7 -> 2 | BH7: =협력사등급별MM!AO8 -> 2 | BI7: =BH7-BG7 -> 0
B8: 바이널씨 | C8: =견적기준통합!M8 -> 11 | D8: =협력사등급별MM!M9 -> 6.5 | E8: =D8-C8 -> -4.5 | G8: =견적기준통합!N8 -> 12 | H8: =협력사등급별MM!O9 -> 12 | I8: =H8-G8 -> 0 | K8: =견적기준통합!O8 -> 15 | L8: =협력사등급별MM!Q9 -> 17 | M8: =L8-K8 -> 2 | O8: =견적기준통합!P8 -> 15 | P8: =협력사등급별MM!S9 -> 17 | Q8: =P8-O8 -> 2 | S8: =견적기준통합!Q8 -> 14.5 | T8: =협력사등급별MM!U9 -> 17 | U8: =T8-S8 -> 2.5 | W8: =견적기준통합!R8 -> 14 | X8: =협력사등급별MM!W9 -> 17 | Y8: =X8-W8 -> 3 | AA8: =견적기준통합!S8 -> 14 | AB8: =협력사등급별MM!Y9 -> 17 | AC8: =AB8-AA8 -> 3 | AE8: =견적기준통합!T8 -> 14 | AF8: =협력사등급별MM!AA9 -> 15.75 | AG8: =AF8-AE8 -> 1.75 | AI8: =견적기준통합!U8 -> 14 | AJ8: =협력사등급별MM!AC9 -> 15 | AK8: =AJ8-AI8 -> 1 | AM8: =견적기준통합!V8 -> 12 | AN8: =협력사등급별MM!AE9 -> 11 | AO8: =AN8-AM8 -> -1 | AQ8: =견적기준통합!W8 -> 11 | AR8: =협력사등급별MM!AG9 -> 7.5 | AS8: =AR8-AQ8 -> -3.5 | AU8: =견적기준통합!X8 -> 9.5 | AV8: =협력사등급별MM!AI9 -> 6.25 | AW8: =AV8-AU8 -> -3.25 | AY8: =견적기준통합!Y8 -> 8 | AZ8: =협력사등급별MM!AK9 -> 5.5 | BA8: =AZ8-AY8 -> -2.5 | BC8: =견적기준통합!Z8 -> 6 | BD8: =협력사등급별MM!AM9 -> 5 | BE8: =BD8-BC8 -> -1 | BG8: =견적기준통합!AA8 -> 2 | BH8: =협력사등급별MM!AO9 -> 2.5 | BI8: =BH8-BG8 -> 0.5
B9: 커머스웨어 | C9: =견적기준통합!M9 -> 16 | D9: =협력사등급별MM!M10 -> 16.75 | E9: =D9-C9 -> 0.75 | G9: =견적기준통합!N9 -> 16 | H9: =협력사등급별MM!O10 -> 18 | I9: =H9-G9 -> 2 | K9: =견적기준통합!O9 -> 16 | L9: =협력사등급별MM!Q10 -> 19 | M9: =L9-K9 -> 3 | O9: =견적기준통합!P9 -> 16.5 | P9: =협력사등급별MM!S10 -> 19 | Q9: =P9-O9 -> 2.5 | S9: =견적기준통합!Q9 -> 42 | T9: =협력사등급별MM!U10 -> 41 | U9: =T9-S9 -> -1 | W9: =견적기준통합!R9 -> 42 | X9: =협력사등급별MM!W10 -> 43.5 | Y9: =X9-W9 -> 1.5 | AA9: =견적기준통합!S9 -> 45 | AB9: =협력사등급별MM!Y10 -> 46 | AC9: =AB9-AA9 -> 1 | AE9: =견적기준통합!T9 -> 45 | AF9: =협력사등급별MM!AA10 -> 46 | AG9: =AF9-AE9 -> 1 | AI9: =견적기준통합!U9 -> 45 | AJ9: =협력사등급별MM!AC10 -> 46 | AK9: =AJ9-AI9 -> 1 | AM9: =견적기준통합!V9 -> 45 | AN9: =협력사등급별MM!AE10 -> 46 | AO9: =AN9-AM9 -> 1 | AQ9: =견적기준통합!W9 -> 45 | AR9: =협력사등급별MM!AG10 -> 46 | AS9: =AR9-AQ9 -> 1 | AU9: =견적기준통합!X9 -> 45 | AV9: =협력사등급별MM!AI10 -> 46 | AW9: =AV9-AU9 -> 1 | AY9: =견적기준통합!Y9 -> 45 | AZ9: =협력사등급별MM!AK10 -> 46 | BA9: =AZ9-AY9 -> 1 | BC9: =견적기준통합!Z9 -> 45 | BD9: =협력사등급별MM!AM10 -> 46 | BE9: =BD9-BC9 -> 1 | BG9: =견적기준통합!AA9 -> 26 | BH9: =협력사등급별MM!AO10 -> 34 | BI9: =BH9-BG9 -> 8
B10: 아이온 | C10: =견적기준통합!M10 -> 1.25 | D10: =협력사등급별MM!M11 -> 0 | E10: =D10-C10 -> -1.25 | G10: =견적기준통합!N10 -> 0.75 | H10: =협력사등급별MM!O11 -> 0 | I10: =H10-G10 -> -0.75 | K10: =견적기준통합!O10 -> 0.5 | L10: =협력사등급별MM!Q11 -> 0 | M10: =L10-K10 -> -0.5 | O10: =견적기준통합!P10 -> 0.5 | P10: =협력사등급별MM!S11 -> 0 | Q10: =P10-O10 -> -0.5 | S10: =견적기준통합!Q10 -> 3.25 | T10: =협력사등급별MM!U11 -> 0 | U10: =T10-S10 -> -3.25 | W10: =견적기준통합!R10 -> 2.5 | X10: =협력사등급별MM!W11 -> 0 | Y10: =X10-W10 -> -2.5 | AA10: =견적기준통합!S10 -> 2.5 | AB10: =협력사등급별MM!Y11 -> 0 | AC10: =AB10-AA10 -> -2.5 | AE10: =견적기준통합!T10 -> 2.5 | AF10: =협력사등급별MM!AA11 -> 0 | AG10: =AF10-AE10 -> -2.5 | AI10: =견적기준통합!U10 -> 3.5 | AJ10: =협력사등급별MM!AC11 -> 0 | AK10: =AJ10-AI10 -> -3.5 | AM10: =견적기준통합!V10 -> 3.5 | AN10: =협력사등급별MM!AE11 -> 0 | AO10: =AN10-AM10 -> -3.5 | AQ10: =견적기준통합!W10 -> 3.75 | AR10: =협력사등급별MM!AG11 -> 0 | AS10: =AR10-AQ10 -> -3.75 | AU10: =견적기준통합!X10 -> 3.5 | AV10: =협력사등급별MM!AI11 -> 0 | AW10: =AV10-AU10 -> -3.5 | AY10: =견적기준통합!Y10 -> 2.5 | AZ10: =협력사등급별MM!AK11 -> 0 | BA10: =AZ10-AY10 -> -2.5 | BC10: =견적기준통합!Z10 -> 0.5 | BD10: =협력사등급별MM!AM11 -> 0 | BE10: =BD10-BC10 -> -0.5 | BG10: =견적기준통합!AA10 -> 0.5 | BH10: =협력사등급별MM!AO11 -> 0 | BI10: =BH10-BG10 -> -0.5
B11: 씨엔씨네트웍스 | C11: =견적기준통합!M11 -> 2 | D11: =협력사등급별MM!M12 -> 2 | E11: =D11-C11 -> 0 | G11: =견적기준통합!N11 -> 2.5 | H11: =협력사등급별MM!O12 -> 3.4 | I11: =H11-G11 -> 0.9 | K11: =견적기준통합!O11 -> 4.5 | L11: =협력사등급별MM!Q12 -> 4 | M11: =L11-K11 -> -0.5 | O11: =견적기준통합!P11 -> 5.5 | P11: =협력사등급별MM!S12 -> 5.4 | Q11: =P11-O11 -> -0.1 | S11: =견적기준통합!Q11 -> 7.5 | T11: =협력사등급별MM!U12 -> 9 | U11: =T11-S11 -> 1.5 | W11: =견적기준통합!R11 -> 8 | X11: =협력사등급별MM!W12 -> 9 | Y11: =X11-W11 -> 1 | AA11: =견적기준통합!S11 -> 8 | AB11: =협력사등급별MM!Y12 -> 7 | AC11: =AB11-AA11 -> -1 | AE11: =견적기준통합!T11 -> 8 | AF11: =협력사등급별MM!AA12 -> 7 | AG11: =AF11-AE11 -> -1 | AI11: =견적기준통합!U11 -> 8 | AJ11: =협력사등급별MM!AC12 -> 6.5 | AK11: =AJ11-AI11 -> -1.5 | AM11: =견적기준통합!V11 -> 8 | AN11: =협력사등급별MM!AE12 -> 6 | AO11: =AN11-AM11 -> -2 | AQ11: =견적기준통합!W11 -> 8 | AR11: =협력사등급별MM!AG12 -> 6 | AS11: =AR11-AQ11 -> -2 | AU11: =견적기준통합!X11 -> 8 | AV11: =협력사등급별MM!AI12 -> 3 | AW11: =AV11-AU11 -> -5 | AY11: =견적기준통합!Y11 -> 8 | AZ11: =협력사등급별MM!AK12 -> 2.3 | BA11: =AZ11-AY11 -> -5.7 | BC11: =견적기준통합!Z11 -> 5.5 | BD11: =협력사등급별MM!AM12 -> 1 | BE11: =BD11-BC11 -> -4.5 | BG11: =견적기준통합!AA11 -> 1.5 | BH11: =협력사등급별MM!AO12 -> 0.5 | BI11: =BH11-BG11 -> -1
B12: 투비소프트 | C12: =견적기준통합!M12 -> 6 | D12: =협력사등급별MM!M13 -> 2.75 | E12: =D12-C12 -> -3.25 | G12: =견적기준통합!N12 -> 12 | H12: =협력사등급별MM!O13 -> 7.45 | I12: =H12-G12 -> -4.55 | K12: =견적기준통합!O12 -> 12 | L12: =협력사등급별MM!Q13 -> 11.35 | M12: =L12-K12 -> -0.65 | O12: =견적기준통합!P12 -> 15 | P12: =협력사등급별MM!S13 -> 17.05 | Q12: =P12-O12 -> 2.05 | S12: =견적기준통합!Q12 -> 22 | T12: =협력사등급별MM!U13 -> 16.5 | U12: =T12-S12 -> -5.5 | W12: =견적기준통합!R12 -> 19 | X12: =협력사등급별MM!W13 -> 22 | Y12: =X12-W12 -> 3 | AA12: =견적기준통합!S12 -> 17 | AB12: =협력사등급별MM!Y13 -> 21 | AC12: =AB12-AA12 -> 4 | AE12: =견적기준통합!T12 -> 17 | AF12: =협력사등급별MM!AA13 -> 17.95 | AG12: =AF12-AE12 -> 0.95 | AI12: =견적기준통합!U12 -> 17 | AJ12: =협력사등급별MM!AC13 -> 17 | AK12: =AJ12-AI12 -> 0 | AM12: =견적기준통합!V12 -> 17 | AN12: =협력사등급별MM!AE13 -> 17 | AO12: =AN12-AM12 -> 0 | AQ12: =견적기준통합!W12 -> 16 | AR12: =협력사등급별MM!AG13 -> 18 | AS12: =AR12-AQ12 -> 2 | AU12: =견적기준통합!X12 -> 16 | AV12: =협력사등급별MM!AI13 -> 17.5 | AW12: =AV12-AU12 -> 1.5 | AY12: =견적기준통합!Y12 -> 15 | AZ12: =협력사등급별MM!AK13 -> 15 | BA12: =AZ12-AY12 -> 0 | BC12: =견적기준통합!Z12 -> 13 | BD12: =협력사등급별MM!AM13 -> 6.25 | BE12: =BD12-BC12 -> -6.75 | BG12: =견적기준통합!AA12 -> 7 | BH12: =협력사등급별MM!AO13 -> 0 | BI12: =BH12-BG12 -> -7
B13: A&T | C13: =견적기준통합!M13 -> 4 | D13: =협력사등급별MM!M14 -> 4 | E13: =D13-C13 -> 0 | G13: =견적기준통합!N13 -> 6 | H13: =협력사등급별MM!O14 -> 5 | I13: =H13-G13 -> -1 | K13: =견적기준통합!O13 -> 7 | L13: =협력사등급별MM!Q14 -> 6 | M13: =L13-K13 -> -1 | O13: =견적기준통합!P13 -> 7 | P13: =협력사등급별MM!S14 -> 7 | Q13: =P13-O13 -> 0 | S13: =견적기준통합!Q13 -> 9 | T13: =협력사등급별MM!U14 -> 9.5 | U13: =T13-S13 -> 0.5 | W13: =견적기준통합!R13 -> 9 | X13: =협력사등급별MM!W14 -> 10 | Y13: =X13-W13 -> 1 | AA13: =견적기준통합!S13 -> 9 | AB13: =협력사등급별MM!Y14 -> 10 | AC13: =AB13-AA13 -> 1 | AE13: =견적기준통합!T13 -> 9 | AF13: =협력사등급별MM!AA14 -> 10 | AG13: =AF13-AE13 -> 1 | AI13: =견적기준통합!U13 -> 9 | AJ13: =협력사등급별MM!AC14 -> 10 | AK13: =AJ13-AI13 -> 1 | AM13: =견적기준통합!V13 -> 9 | AN13: =협력사등급별MM!AE14 -> 9.5 | AO13: =AN13-AM13 -> 0.5 | AQ13: =견적기준통합!W13 -> 8 | AR13: =협력사등급별MM!AG14 -> 7 | AS13: =AR13-AQ13 -> -1 | AU13: =견적기준통합!X13 -> 8 | AV13: =협력사등급별MM!AI14 -> 6 | AW13: =AV13-AU13 -> -2 | AY13: =견적기준통합!Y13 -> 6 | AZ13: =협력사등급별MM!AK14 -> 6 | BA13: =AZ13-AY13 -> 0 | BC13: =견적기준통합!Z13 -> 4 | BD13: =협력사등급별MM!AM14 -> 4 | BE13: =BD13-BC13 -> 0 | BG13: =견적기준통합!AA13 -> 4 | BH13: =협력사등급별MM!AO14 -> 4 | BI13: =BH13-BG13 -> 0
B14: 오브젠 | C14: =견적기준통합!M14 -> 0 | D14: =협력사등급별MM!M15 -> 0 | E14: =D14-C14 -> 0 | G14: =견적기준통합!N14 -> 0 | H14: =협력사등급별MM!O15 -> 0.4 | I14: =H14-G14 -> 0.4 | K14: =견적기준통합!O14 -> 0 | L14: =협력사등급별MM!Q15 -> 0.4 | M14: =L14-K14 -> 0.4 | O14: =견적기준통합!P14 -> 0 | P14: =협력사등급별MM!S15 -> 0.4 | Q14: =P14-O14 -> 0.4 | S14: =견적기준통합!Q14 -> 0 | T14: =협력사등급별MM!U15 -> 0.4 | U14: =T14-S14 -> 0.4 | W14: =견적기준통합!R14 -> 0 | X14: =협력사등급별MM!W15 -> 0.4 | Y14: =X14-W14 -> 0.4 | AA14: =견적기준통합!S14 -> 5 | AB14: =협력사등급별MM!Y15 -> 6 | AC14: =AB14-AA14 -> 1 | AE14: =견적기준통합!T14 -> 8 | AF14: =협력사등급별MM!AA15 -> 11 | AG14: =AF14-AE14 -> 3 | AI14: =견적기준통합!U14 -> 9 | AJ14: =협력사등급별MM!AC15 -> 11 | AK14: =AJ14-AI14 -> 2 | AM14: =견적기준통합!V14 -> 10 | AN14: =협력사등급별MM!AE15 -> 10 | AO14: =AN14-AM14 -> 0 | AQ14: =견적기준통합!W14 -> 12 | AR14: =협력사등급별MM!AG15 -> 10 | AS14: =AR14-AQ14 -> -2 | AU14: =견적기준통합!X14 -> 12 | AV14: =협력사등급별MM!AI15 -> 10 | AW14: =AV14-AU14 -> -2 | AY14: =견적기준통합!Y14 -> 12 | AZ14: =협력사등급별MM!AK15 -> 10 | BA14: =AZ14-AY14 -> -2 | BC14: =견적기준통합!Z14 -> 12 | BD14: =협력사등급별MM!AM15 -> 10 | BE14: =BD14-BC14 -> -2 | BG14: =견적기준통합!AA14 -> 0 | BH14: =협력사등급별MM!AO15 -> 0 | BI14: =BH14-BG14 -> 0
B15: 골든플래닛 | C15: =견적기준통합!M15 -> 0 | D15: =협력사등급별MM!M16 -> 0 | E15: =D15-C15 -> 0 | G15: =견적기준통합!N15 -> 0 | H15: =협력사등급별MM!O16 -> 0 | I15: =H15-G15 -> 0 | K15: =견적기준통합!O15 -> 0 | L15: =협력사등급별MM!Q16 -> 0 | M15: =L15-K15 -> 0 | O15: =견적기준통합!P15 -> 1 | P15: =협력사등급별MM!S16 -> 0 | Q15: =P15-O15 -> -1 | S15: =견적기준통합!Q15 -> 1 | T15: =협력사등급별MM!U16 -> 0 | U15: =T15-S15 -> -1 | W15: =견적기준통합!R15 -> 1 | X15: =협력사등급별MM!W16 -> 1 | Y15: =X15-W15 -> 0 | AA15: =견적기준통합!S15 -> 1 | AB15: =협력사등급별MM!Y16 -> 1 | AC15: =AB15-AA15 -> 0 | AE15: =견적기준통합!T15 -> 1 | AF15: =협력사등급별MM!AA16 -> 1 | AG15: =AF15-AE15 -> 0 | AI15: =견적기준통합!U15 -> 1 | AJ15: =협력사등급별MM!AC16 -> 1 | AK15: =AJ15-AI15 -> 0 | AM15: =견적기준통합!V15 -> 0.3 | AN15: =협력사등급별MM!AE16 -> 1 | AO15: =AN15-AM15 -> 0.7 | AQ15: =견적기준통합!W15 -> 0 | AR15: =협력사등급별MM!AG16 -> 1 | AS15: =AR15-AQ15 -> 1 | AU15: =견적기준통합!X15 -> 0 | AV15: =협력사등급별MM!AI16 -> 0.3 | AW15: =AV15-AU15 -> 0.3 | AY15: =견적기준통합!Y15 -> 0 | AZ15: =협력사등급별MM!AK16 -> 0 | BA15: =AZ15-AY15 -> 0 | BC15: =견적기준통합!Z15 -> 0 | BD15: =협력사등급별MM!AM16 -> 0 | BE15: =BD15-BC15 -> 0 | BG15: =견적기준통합!AA15 -> 0 | BH15: =협력사등급별MM!AO16 -> 0 | BI15: =BH15-BG15 -> 0
B16: 플레이투게더 | C16: =견적기준통합!M16 -> 0 | D16: =협력사등급별MM!M18 -> 1 | E16: =D16-C16 -> 1 | G16: =견적기준통합!N16 -> 4 | H16: =협력사등급별MM!O18 -> 4 | I16: =H16-G16 -> 0 | K16: =견적기준통합!O16 -> 4 | L16: =협력사등급별MM!Q18 -> 5.8 | M16: =L16-K16 -> 1.8 | O16: =견적기준통합!P16 -> 4 | P16: =협력사등급별MM!S18 -> 6.3 | Q16: =P16-O16 -> 2.3 | S16: =견적기준통합!Q16 -> 7.5 | T16: =협력사등급별MM!U18 -> 6.5 | U16: =T16-S16 -> -1 | W16: =견적기준통합!R16 -> 9 | X16: =협력사등급별MM!W18 -> 6.5 | Y16: =X16-W16 -> -2.5 | AA16: =견적기준통합!S16 -> 9 | AB16: =협력사등급별MM!Y18 -> 8 | AC16: =AB16-AA16 -> -1 | AE16: =견적기준통합!T16 -> 9 | AF16: =협력사등급별MM!AA18 -> 8 | AG16: =AF16-AE16 -> -1 | AI16: =견적기준통합!U16 -> 9 | AJ16: =협력사등급별MM!AC18 -> 9 | AK16: =AJ16-AI16 -> 0 | AM16: =견적기준통합!V16 -> 9 | AN16: =협력사등급별MM!AE18 -> 9 | AO16: =AN16-AM16 -> 0 | AQ16: =견적기준통합!W16 -> 8 | AR16: =협력사등급별MM!AG18 -> 9 | AS16: =AR16-AQ16 -> 1 | AU16: =견적기준통합!X16 -> 7 | AV16: =협력사등급별MM!AI18 -> 9 | AW16: =AV16-AU16 -> 2 | AY16: =견적기준통합!Y16 -> 7 | AZ16: =협력사등급별MM!AK18 -> 7 | BA16: =AZ16-AY16 -> 0 | BC16: =견적기준통합!Z16 -> 5.5 | BD16: =협력사등급별MM!AM18 -> 6.5 | BE16: =BD16-BC16 -> 1 | BG16: =견적기준통합!AA16 -> 0 | BH16: =협력사등급별MM!AO18 -> 0 | BI16: =BH16-BG16 -> 0
B17: 총계 | C17: =SUM(C4:C16) -> 58.25 | D17: =SUM(D4:D16) -> 48.75 | E17: =SUM(E4:E16) -> -9.5 | G17: =SUM(G4:G16) -> 73.75 | H17: =SUM(H4:H16) -> 69.25 | I17: =SUM(I4:I16) -> -4.5 | K17: =SUM(K4:K16) -> 85 | L17: =SUM(L4:L16) -> 86.55 | M17: =SUM(M4:M16) -> 1.55 | O17: =SUM(O4:O16) -> 93.5 | P17: =SUM(P4:P16) -> 95.85 | Q17: =SUM(Q4:Q16) -> 2.35 | S17: =SUM(S4:S16) -> 140.25 | T17: =SUM(T4:T16) -> 128.4 | U17: =SUM(U4:U16) -> -11.85 | W17: =SUM(W4:W16) -> 140.5 | X17: =SUM(X4:X16) -> 144.4 | Y17: =SUM(Y4:Y16) -> 3.9 | AA17: =SUM(AA4:AA16) -> 144.5 | AB17: =SUM(AB4:AB16) -> 152.5 | AC17: =SUM(AC4:AC16) -> 8 | AE17: =SUM(AE4:AE16) -> 147.5 | AF17: =SUM(AF4:AF16) -> 151.95 | AG17: =SUM(AG4:AG16) -> 4.45 | AI17: =견적기준통합!U17 -> 152 | AJ17: =협력사등급별MM!AC21 -> 156.2 | AK17: =AJ17-AI17 -> 4.2 | AM17: =견적기준통합!V17 -> 151.3 | AN17: =협력사등급별MM!AE21 -> 156.45 | AO17: =AN17-AM17 -> 5.15 | AQ17: =견적기준통합!W17 -> 149.25 | AR17: =협력사등급별MM!AG21 -> 147.4 | AS17: =AR17-AQ17 -> -1.85 | AU17: =견적기준통합!X17 -> 144.5 | AV17: =협력사등급별MM!AI21 -> 134.75 | AW17: =AV17-AU17 -> -9.75 | AY17: =견적기준통합!Y17 -> 133.25 | AZ17: =협력사등급별MM!AK21 -> 122.2 | BA17: =AZ17-AY17 -> -11.05 | BC17: =견적기준통합!Z17 -> 112.5 | BD17: =협력사등급별MM!AM21 -> 103.45 | BE17: =BD17-BC17 -> -9.05 | BG17: =견적기준통합!AA17 -> 51 | BH17: =협력사등급별MM!AO21 -> 56.05 | BI17: =BH17-BG17 -> 5.05
B18: 누적차이 | C18: =C17 -> 58.25 | D18: =D17 -> 48.75 | E18: =E17 -> -9.5 | G18: =C18+G17 -> 132 | H18: =D18+H17 -> 118 | I18: =E18+I17 -> -14 | K18: =G18+K17 -> 217 | L18: =H18+L17 -> 204.55 | M18: =I18+M17 -> -12.45 | O18: =K18+O17 -> 310.5 | P18: =L18+P17 -> 300.4 | Q18: =M18+Q17 -> -10.1 | S18: =O18+S17 -> 450.75 | T18: =P18+T17 -> 428.8 | U18: =Q18+U17 -> -21.95 | W18: =S18+W17 -> 591.25 | X18: =T18+X17 -> 573.2 | Y18: =U18+Y17 -> -18.05 | AA18: =W18+AA17 -> 735.75 | AB18: =X18+AB17 -> 725.7 | AC18: =Y18+AC17 -> -10.05 | AE18: =AA18+AE17 -> 883.25 | AF18: =AB18+AF17 -> 877.65 | AG18: =AC18+AG17 -> -5.6 | AI18: =AE18+AI17 -> 1035.25 | AJ18: =AF18+AJ17 -> 1033.85 | AK18: =AG18+AK17 -> -1.4 | AM18: =AI18+AM17 -> 1186.55 | AN18: =AJ18+AN17 -> 1190.3 | AO18: =AK18+AO17 -> 3.75 | AQ18: =AM18+AQ17 -> 1335.8 | AR18: =AN18+AR17 -> 1337.7 | AS18: =AO18+AS17 -> 1.9 | AU18: =AQ18+AU17 -> 1480.3 | AV18: =AR18+AV17 -> 1472.45 | AW18: =AS18+AW17 -> -7.85 | AY18: =AU18+AY17 -> 1613.55 | AZ18: =AV18+AZ17 -> 1594.65 | BA18: =AW18+BA17 -> -18.9 | BC18: =AY18+BC17 -> 1726.05 | BD18: =AZ18+BD17 -> 1698.1 | BE18: =BA18+BE17 -> -27.95 | BG18: =BC18+BG17 -> 1777.05 | BH18: =BD18+BH17 -> 1754.15 | BI18: =BE18+BI17 -> -22.9
B20: 총합
B21: 협력사 | C21: 총합
C22: 견적 | D22: 실투입 | E22: 차이
B23: kt ds | C23: =C4+G4+K4+O4+S4+W4+AA4+AE4+AI4+AM4+AQ4+AU4+AY4+BC4+BG4 -> 315 | D23: =D4+H4+L4+P4+T4+X4+AB4+AF4+AJ4+AN4+AR4+AV4+AZ4+BD4+BH4 -> 319.45 | E23: =D23-C23 -> 4.45
B24: SGSecurity | C24: =C5+G5+K5+O5+S5+W5+AA5+AE5+AI5+AM5+AQ5+AU5+AY5+BC5+BG5 -> 7.25 | D24: =D5+H5+L5+P5+T5+X5+AB5+AF5+AJ5+AN5+AR5+AV5+AZ5+BD5+BH5 -> 7.25 | E24: =D24-C24 -> 0
B25: 비플컨설팅 | C25: =C6+G6+K6+O6+S6+W6+AA6+AE6+AI6+AM6+AQ6+AU6+AY6+BC6+BG6 -> 69.5 | D25: =D6+H6+L6+P6+T6+X6+AB6+AF6+AJ6+AN6+AR6+AV6+AZ6+BD6+BH6 -> 70 | E25: =D25-C25 -> 0.5
B26: 이너웨이브 | C26: =C7+G7+K7+O7+S7+W7+AA7+AE7+AI7+AM7+AQ7+AU7+AY7+BC7+BG7 -> 47 | D26: =D7+H7+L7+P7+T7+X7+AB7+AF7+AJ7+AN7+AR7+AV7+AZ7+BD7+BH7 -> 47 | E26: =D26-C26 -> 0
B27: 바이널씨 | C27: =C8+G8+K8+O8+S8+W8+AA8+AE8+AI8+AM8+AQ8+AU8+AY8+BC8+BG8 -> 172 | D27: =D8+H8+L8+P8+T8+X8+AB8+AF8+AJ8+AN8+AR8+AV8+AZ8+BD8+BH8 -> 172 | E27: =D27-C27 -> 0
B28: 커머스웨어 | C28: =C9+G9+K9+O9+S9+W9+AA9+AE9+AI9+AM9+AQ9+AU9+AY9+BC9+BG9 -> 534.5 | D28: =D9+H9+L9+P9+T9+X9+AB9+AF9+AJ9+AN9+AR9+AV9+AZ9+BD9+BH9 -> 559.25 | E28: =D28-C28 -> 24.75
B29: 아이온 | C29: =C10+G10+K10+O10+S10+W10+AA10+AE10+AI10+AM10+AQ10+AU10+AY10+BC10+BG10 -> 31.5 | D29: =D10+H10+L10+P10+T10+X10+AB10+AF10+AJ10+AN10+AR10+AV10+AZ10+BD10+BH10 -> 0 | E29: =D29-C29 -> -31.5
B30: 씨엔씨네트웍스 | C30: =C11+G11+K11+O11+S11+W11+AA11+AE11+AI11+AM11+AQ11+AU11+AY11+BC11+BG11 -> 93 | D30: =D11+H11+L11+P11+T11+X11+AB11+AF11+AJ11+AN11+AR11+AV11+AZ11+BD11+BH11 -> 72.1 | E30: =D30-C30 -> -20.9
B31: 투비소프트 | C31: =C12+G12+K12+O12+S12+W12+AA12+AE12+AI12+AM12+AQ12+AU12+AY12+BC12+BG12 -> 221 | D31: =D12+H12+L12+P12+T12+X12+AB12+AF12+AJ12+AN12+AR12+AV12+AZ12+BD12+BH12 -> 206.8 | E31: =D31-C31 -> -14.2
B32: A&T | C32: =C13+G13+K13+O13+S13+W13+AA13+AE13+AI13+AM13+AQ13+AU13+AY13+BC13+BG13 -> 108 | D32: =D13+H13+L13+P13+T13+X13+AB13+AF13+AJ13+AN13+AR13+AV13+AZ13+BD13+BH13 -> 108 | E32: =D32-C32 -> 0
B33: 오브젠 | C33: =C14+G14+K14+O14+S14+W14+AA14+AE14+AI14+AM14+AQ14+AU14+AY14+BC14+BG14 -> 80 | D33: =D14+H14+L14+P14+T14+X14+AB14+AF14+AJ14+AN14+AR14+AV14+AZ14+BD14+BH14 -> 80 | E33: =D33-C33 -> 0
B34: 골든플래닛 | C34: =C15+G15+K15+O15+S15+W15+AA15+AE15+AI15+AM15+AQ15+AU15+AY15+BC15+BG15 -> 6.3 | D34: =D15+H15+L15+P15+T15+X15+AB15+AF15+AJ15+AN15+AR15+AV15+AZ15+BD15+BH15 -> 6.3 | E34: =D34-C34 -> 0
... B36: 총계 | C36: =C17+G17+K17+O17+S17+W17+AA17+AE17+AI17+AM17+AQ17+AU17+AY17+BC17+BG17 -> 1777.05 | D36: =D17+H17+L17+P17+T17+X17+AB17+AF17+AJ17+AN17+AR17+AV17+AZ17+BD17+BH17 -> 1754.15 | E36: =D36-C36 -> -22.9

Sheet 견적대비실투입(등급)
B2: 월별투입(실투입)
B3: 구분 | D3: 실투입 | J3: 제안기준 | P3: 차이내역(실투입-제안기준)
B4: NO | C4: 협력사 | D4: 특급 | E4: 고급 | F4: 중급 | G4: 초급 | H4: 총계 | J4: 특급 | K4: 고급 | L4: 중급 | M4: 초급 | N4: 총계 | P4: 특급 | Q4: 고급 | R4: 중급 | S4: 초급 | T4: 총계
B5: 1 | C5: kt ds | D5: =협력사등급별MM!D5 -> 157.45 | E5: =협력사등급별MM!E5 -> 71 | F5: =협력사등급별MM!F5 -> 40 | G5: =협력사등급별MM!G5 -> 51 | H5: =SUM(D5:G5) -> 319.45 | J5: =견적기준통합!D4 -> 157.5 | K5: =견적기준통합!E4 -> 76.5 | L5: =견적기준통합!F4 -> 40 | M5: =견적기준통합!G4 -> 41 | N5: =SUM(J5:M5) -> 315 | P5: =D5-J5 -> -0.05 | Q5: =E5-K5 -> -5.5 | R5: =F5-L5 -> 0 | S5: =G5-M5 -> 10 | T5: =SUM(P5:S5) -> 4.45
B6: 2 | C6: SGSecurity | D6: =협력사등급별MM!D6 -> 0 | E6: =협력사등급별MM!E6 -> 2 | F6: =협력사등급별MM!F6 -> 5.25 | G6: =협력사등급별MM!G6 -> 0 | H6: =SUM(D6:G6) -> 7.25 | J6: =견적기준통합!D5 -> 0 | K6: =견적기준통합!E5 -> 2 | L6: =견적기준통합!F5 -> 5.25 | M6: =견적기준통합!G5 -> 0 | N6: =SUM(J6:M6) -> 7.25 | P6: =D6-J6 -> 0 | Q6: =E6-K6 -> 0 | R6: =F6-L6 -> 0 | S6: =G6-M6 -> 0 | T6: =SUM(P6:S6) -> 0
B7: 3 | C7: 비플컨설팅 | D7: =협력사등급별MM!D7 -> 36 | E7: =협력사등급별MM!E7 -> 15 | F7: =협력사등급별MM!F7 -> 9.5 | G7: =협력사등급별MM!G7 -> 9.5 | H7: =SUM(D7:G7) -> 70 | J7: =견적기준통합!D6 -> 36 | K7: =견적기준통합!E6 -> 14.5 | L7: =견적기준통합!F6 -> 9.5 | M7: =견적기준통합!G6 -> 9.5 | N7: =SUM(J7:M7) -> 69.5 | P7: =D7-J7 -> 0 | Q7: =E7-K7 -> 0.5 | R7: =F7-L7 -> 0 | S7: =G7-M7 -> 0 | T7: =SUM(P7:S7) -> 0.5
B8: 4 | C8: 이너웨이브 | D8: =협력사등급별MM!D8 -> 24 | E8: =협력사등급별MM!E8 -> 0 | F8: =협력사등급별MM!F8 -> 23 | G8: =협력사등급별MM!G8 -> 0 | H8: =SUM(D8:G8) -> 47 | J8: =견적기준통합!D7 -> 22 | K8: =견적기준통합!E7 -> 0 | L8: =견적기준통합!F7 -> 23 | M8: =견적기준통합!G7 -> 2 | N8: =SUM(J8:M8) -> 47 | P8: =D8-J8 -> 2 | Q8: =E8-K8 -> 0 | R8: =F8-L8 -> 0 | S8: =G8-M8 -> -2 | T8: =SUM(P8:S8) -> 0
B9: 5 | C9: 바이널씨 | D9: =협력사등급별MM!D9 -> 14.5 | E9: =협력사등급별MM!E9 -> 34.5 | F9: =협력사등급별MM!F9 -> 68 | G9: =협력사등급별MM!G9 -> 55 | H9: =SUM(D9:G9) -> 172 | J9: =견적기준통합!D8 -> 14.5 | K9: =견적기준통합!E8 -> 40.5 | L9: =견적기준통합!F8 -> 62 | M9: =견적기준통합!G8 -> 55 | N9: =SUM(J9:M9) -> 172 | P9: =D9-J9 -> 0 | Q9: =E9-K9 -> -6 | R9: =F9-L9 -> 6 | S9: =G9-M9 -> 0 | T9: =SUM(P9:S9) -> 0
B10: 6 | C10: 커머스웨어 | D10: =협력사등급별MM!D10 -> 60 | E10: =협력사등급별MM!E10 -> 153.25 | F10: =협력사등급별MM!F10 -> 159 | G10: =협력사등급별MM!G10 -> 187 | H10: =SUM(D10:G10) -> 559.25 | J10: =견적기준통합!D9 -> 60 | K10: =견적기준통합!E9 -> 137 | L10: =견적기준통합!F9 -> 152.5 | M10: =견적기준통합!G9 -> 185 | N10: =SUM(J10:M10) -> 534.5 | P10: =D10-J10 -> 0 | Q10: =E10-K10 -> 16.25 | R10: =F10-L10 -> 6.5 | S10: =G10-M10 -> 2 | T10: =SUM(P10:S10) -> 24.75
B11: 7 | C11: 아이온 | D11: =협력사등급별MM!D11 -> 0 | E11: =협력사등급별MM!E11 -> 0 | F11: =협력사등급별MM!F11 -> 0 | G11: =협력사등급별MM!G11 -> 0 | H11: =SUM(D11:G11) -> 0 | J11: =견적기준통합!D10 -> 4 | K11: =견적기준통합!E10 -> 0 | L11: =견적기준통합!F10 -> 18.5 | M11: =견적기준통합!G10 -> 9 | N11: =SUM(J11:M11) -> 31.5 | P11: =D11-J11 -> -4 | Q11: =E11-K11 -> 0 | R11: =F11-L11 -> -18.5 | S11: =G11-M11 -> -9 | T11: =SUM(P11:S11) -> -31.5
B12: 8 | C12: 씨엔씨네트웍스 | D12: =협력사등급별MM!D12 -> 47.4 | E12: =협력사등급별MM!E12 -> 11.7 | F12: =협력사등급별MM!F12 -> 9 | G12: =협력사등급별MM!G12 -> 4 | H12: =SUM(D12:G12) -> 72.1 | J12: =견적기준통합!D11 -> 41 | K12: =견적기준통합!E11 -> 33.5 | L12: =견적기준통합!F11 -> 9.5 | M12: =견적기준통합!G11 -> 9 | N12: =SUM(J12:M12) -> 93 | P12: =D12-J12 -> 6.4 | Q12: =E12-K12 -> -21.8 | R12: =F12-L12 -> -0.5 | S12: =G12-M12 -> -5 | T12: =SUM(P12:S12) -> -20.9
B13: 9 | C13: 투비소프트 | D13: =협력사등급별MM!D13 -> 24.5 | E13: =협력사등급별MM!E13 -> 143.5 | F13: =협력사등급별MM!F13 -> 23.8 | G13: =협력사등급별MM!G13 -> 4 | H13: =SUM(D13:G13) -> 195.8 | J13: =견적기준통합!D12 -> 30 | K13: =견적기준통합!E12 -> 157 | L13: =견적기준통합!F12 -> 30 | M13: =견적기준통합!G12 -> 4 | N13: =SUM(J13:M13) -> 221 | P13: =D13-J13 -> -5.5 | Q13: =E13-K13 -> -13.5 | R13: =F13-L13 -> -6.2 | S13: =G13-M13 -> 0 | T13: =SUM(P13:S13) -> -25.2
B14: 10 | C14: A&T | D14: =협력사등급별MM!D14 -> 30 | E14: =협력사등급별MM!E14 -> 52 | F14: =협력사등급별MM!F14 -> 26 | G14: =협력사등급별MM!G14 -> 0 | H14: =SUM(D14:G14) -> 108 | J14: =견적기준통합!D13 -> 30 | K14: =견적기준통합!E13 -> 61.5 | L14: =견적기준통합!F13 -> 16.5 | M14: =견적기준통합!G13 -> 0 | N14: =SUM(J14:M14) -> 108 | P14: =D14-J14 -> 0 | Q14: =E14-K14 -> -9.5 | R14: =F14-L14 -> 9.5 | S14: =G14-M14 -> 0 | T14: =SUM(P14:S14) -> 0
B15: 11 | C15: 오브젠 | D15: =협력사등급별MM!D15 -> 26 | E15: =협력사등급별MM!E15 -> 46 | F15: =협력사등급별MM!F15 -> 0 | G15: =협력사등급별MM!G15 -> 8 | H15: =SUM(D15:G15) -> 80 | J15: =견적기준통합!D14 -> 24 | K15: =견적기준통합!E14 -> 51 | L15: =견적기준통합!F14 -> 0 | M15: =견적기준통합!G14 -> 5 | N15: =SUM(J15:M15) -> 80 | P15: =D15-J15 -> 2 | Q15: =E15-K15 -> -5 | R15: =F15-L15 -> 0 | S15: =G15-M15 -> 3 | T15: =SUM(P15:S15) -> 0
B16: 12 | C16: 골든플래닛 | D16: =협력사등급별MM!D16 -> 0 | E16: =협력사등급별MM!E16 -> 0 | F16: =협력사등급별MM!F16 -> 6.3 | G16: =협력사등급별MM!G16 -> 0 | H16: =SUM(D16:G16) -> 6.3 | J16: =견적기준통합!D15 -> 0 | K16: =견적기준통합!E15 -> 0 | L16: =견적기준통합!F15 -> 6.3 | M16: =견적기준통합!G15 -> 0 | N16: =SUM(J16:M16) -> 6.3 | P16: =D16-J16 -> 0 | Q16: =E16-K16 -> 0 | R16: =F16-L16 -> 0 | S16: =G16-M16 -> 0 | T16: =SUM(P16:S16) -> 0
B17: 14 | C17: 플레이투게더 | D17: =협력사등급별MM!D18 -> 0 | E17: =협력사등급별MM!E18 -> 67.6 | F17: =협력사등급별MM!F18 -> 19.5 | G17: =협력사등급별MM!G18 -> 8.5 | H17: =SUM(D17:G17) -> 95.6 | J17: =견적기준통합!D16 -> 0 | K17: =견적기준통합!E16 -> 66.5 | L17: =견적기준통합!F16 -> 19.5 | M17: =견적기준통합!G16 -> 6 | N17: =SUM(J17:M17) -> 92 | P17: =D17-J17 -> 0 | Q17: =E17-K17 -> 1.1 | R17: =F17-L17 -> 0 | S17: =G17-M17 -> 2.5 | T17: =SUM(P17:S17) -> 3.6
B18: 총계 | D18: =SUM(D5:D17) -> 419.85 | E18: =SUM(E5:E17) -> 596.55 | F18: =SUM(F5:F17) -> 389.35 | G18: =SUM(G5:G17) -> 327 | H18: =SUM(H5:H17) -> 1732.75 | J18: =SUM(J5:J17) -> 419 | K18: =SUM(K5:K17) -> 640 | L18: =SUM(L5:L17) -> 392.55 | M18: =SUM(M5:M17) -> 325.5 | N18: =SUM(N5:N17) -> 1777.05 | P18: =SUM(P5:P17) -> 0.85 | Q18: =SUM(Q5:Q17) -> -43.45 | R18: =SUM(R5:R17) -> -3.2 | S18: =SUM(S5:S17) -> 1.5 | T18: =SUM(P18:S18) -> -44.3

Sheet 견적기준통합
B2: 월별투입(실투입) | L2: M/M
B3: NO | C3: 협력사 | D3: 특급 | E3: 고급 | F3: 중급 | G3: 초급 | H3: 총계 | I3: 비율 | L3: 협력사 | M3: 2월 | N3: 3월 | O3: 4월 | P3: 5월 | Q3: 6월 | R3: 7월 | S3: 8월 | T3: 9월 | U3: 10월 | V3: 11월 | W3: 12월 | X3: 1월 | Y3: 2월 | Z3: 3월 | AA3: 4월 | AB3: 총계
B4: 1 | C4: kt ds | D4: =SUMIFS(견적기준!$AB$6:$AB$233,견적기준!$H$6:$H$233,$C4,견적기준!$E$6:$E$233,견적기준통합!$D$3) -> 157.5 | E4: =SUMIFS(견적기준!$AB$6:$AB$233,견적기준!$H$6:$H$233,$C4,견적기준!$E$6:$E$233,견적기준통합!$E$3) -> 76.5 | F4: =SUMIFS(견적기준!$AB$6:$AB$233,견적기준!$H$6:$H$233,$C4,견적기준!$E$6:$E$233,견적기준통합!$F$3) -> 40 | G4: =SUMIFS(견적기준!$AB$6:$AB$233,견적기준!$H$6:$H$233,$C4,견적기준!$E$6:$E$233,견적기준통합!$G$3) -> 41 | H4: =SUM(D4:G4) -> 315 | I4: =H4/$H$17 -> 0.17726007 | L4: kt ds | M4: =SUMIFS(견적기준!$M$6:$M$198,견적기준!$H$6:$H$198,견적기준통합!$L4) -> 16 | N4: =SUMIFS(견적기준!$N$6:$N$198,견적기준!$H$6:$H$198,견적기준통합!$L4) -> 16.5 | O4: =SUMIFS(견적기준!$O$6:O$198,견적기준!$H$6:$H$198,견적기준통합!$L4) -> 20 | P4: =SUMIFS(견적기준!$P$6:$P$198,견적기준!$H$6:$H$198,견적기준통합!$L4) -> 21 | Q4: =SUMIFS(견적기준!$Q$6:$Q$198,견적기준!$H$6:$H$198,견적기준통합!$L4) -> 23 | R4: =SUMIFS(견적기준!$R$6:$R$198,견적기준!$H$6:$H$198,견적기준통합!$L4) -> 24 | S4: =SUMIFS(견적기준!$S$6:$S$198,견적기준!$H$6:$H$198,견적기준통합!$L4) -> 23 | T4: =SUMIFS(견적기준!$T$6:$T$198,견적기준!$H$6:$H$198,견적기준통합!$L4) -> 24 | U4: =SUMIFS(견적기준!$U$6:$U$198,견적기준!$H$6:$H$198,견적기준통합!$L4) -> 26 | V4: =SUMIFS(견적기준!$V$6:$V$198,견적기준!$H$6:$H$198,견적기준통합!$L4) -> 27.5 | W4: =SUMIFS(견적기준!$W$6:$W$198,견적기준!$H$6:$H$198,견적기준통합!$L4) -> 26.5 | X4: =SUMIFS(견적기준!$X$6:$X$198,견적기준!$H$6:$H$198,견적기준통합!$L4) -> 24.5 | Y4: =SUMIFS(견적기준!$Y$6:$Y$198,견적기준!$H$6:$H$198,견적기준통합!$L4) -> 20 | Z4: =SUMIFS(견적기준!$Z$6:$Z$198,견적기준!$H$6:$H$198,견적기준통합!$L4) -> 15 | AA4: =SUMIFS(견적기준!$AA$6:$AA$198,견적기준!$H$6:$H$198,견적기준통합!$L4) -> 8 | AB4: =SUM(M4:AA4) -> 315
B5: 2 | C5: SGSecurity | D5: =SUMIFS(견적기준!$AB$6:$AB$233,견적기준!$H$6:$H$233,$C5,견적기준!$E$6:$E$233,견적기준통합!$D$3) -> 0 | E5: =SUMIFS(견적기준!$AB$6:$AB$233,견적기준!$H$6:$H$233,$C5,견적기준!$E$6:$E$233,견적기준통합!$E$3) -> 2 | F5: =SUMIFS(견적기준!$AB$6:$AB$233,견적기준!$H$6:$H$233,$C5,견적기준!$E$6:$E$233,견적기준통합!$F$3) -> 5.25 | G5: =SUMIFS(견적기준!$AB$6:$AB$233,견적기준!$H$6:$H$233,$C5,견적기준!$E$6:$E$233,견적기준통합!$G$3) -> 0 | H5: =SUM(D5:G5) -> 7.25 | I5: =H5/$H$17 -> 0.0040797952 | L5: SGSecurity | M5: =SUMIFS(견적기준!$M$6:$M$198,견적기준!$H$6:$H$198,견적기준통합!$L5) -> 0 | N5: =SUMIFS(견적기준!$N$6:$N$198,견적기준!$H$6:$H$198,견적기준통합!$L5) -> 0 | O5: =SUMIFS(견적기준!$O$6:O$198,견적기준!$H$6:$H$198,견적기준통합!$L5) -> 1 | P5: =SUMIFS(견적기준!$P$6:$P$198,견적기준!$H$6:$H$198,견적기준통합!$L5) -> 1 | Q5: =SUMIFS(견적기준!$Q$6:$Q$198,견적기준!$H$6:$H$198,견적기준통합!$L5) -> 0 | R5: =SUMIFS(견적기준!$R$6:$R$198,견적기준!$H$6:$H$198,견적기준통합!$L5) -> 0 | S5: =SUMIFS(견적기준!$S$6:$S$198,견적기준!$H$6:$H$198,견적기준통합!$L5) -> 0 | T5: =SUMIFS(견적기준!$T$6:$T$198,견적기준!$H$6:$H$198,견적기준통합!$L5) -> 0 | U5: =SUMIFS(견적기준!$U$6:$U$198,견적기준!$H$6:$H$198,견적기준통합!$L5) -> 0 | V5: =SUMIFS(견적기준!$V$6:$V$198,견적기준!$H$6:$H$198,견적기준통합!$L5) -> 0.5 | W5: =SUMIFS(견적기준!$W$6:$W$198,견적기준!$H$6:$H$198,견적기준통합!$L5) -> 2 | X5: =SUMIFS(견적기준!$X$6:$X$198,견적기준!$H$6:$H$198,견적기준통합!$L5) -> 2 | Y5: =SUMIFS(견적기준!$Y$6:$Y$198,견적기준!$H$6:$H$198,견적기준통합!$L5) -> 0.75 | Z5: =SUMIFS(견적기준!$Z$6:$Z$198,견적기준!$H$6:$H$198,견적기준통합!$L5) -> 0 | AA5: =SUMIFS(견적기준!$AA$6:$AA$198,견적기준!$H$6:$H$198,견적기준통합!$L5) -> 0 | AB5: =SUM(M5:AA5) -> 7.25
B6: 3 | C6: 비플컨설팅 | D6: =SUMIFS(견적기준!$AB$6:$AB$233,견적기준!$H$6:$H$233,$C6,견적기준!$E$6:$E$233,견적기준통합!$D$3) -> 36 | E6: =SUMIFS(견적기준!$AB$6:$AB$233,견적기준!$H$6:$H$233,$C6,견적기준!$E$6:$E$233,견적기준통합!$E$3) -> 14.5 | F6: =SUMIFS(견적기준!$AB$6:$AB$233,견적기준!$H$6:$H$233,$C6,견적기준!$E$6:$E$233,견적기준통합!$F$3) -> 9.5 | G6: =SUMIFS(견적기준!$AB$6:$AB$233,견적기준!$H$6:$H$233,$C6,견적기준!$E$6:$E$233,견적기준통합!$G$3) -> 9.5 | H6: =SUM(D6:G6) -> 69.5 | I6: =H6/$H$17 -> 0.039109761 | L6: 비플컨설팅 | M6: =SUMIFS(견적기준!$M$6:$M$198,견적기준!$H$6:$H$198,견적기준통합!$L6) -> 0 | N6: =SUMIFS(견적기준!$N$6:$N$198,견적기준!$H$6:$H$198,견적기준통합!$L6) -> 0 | O6: =SUMIFS(견적기준!$O$6:O$198,견적기준!$H$6:$H$198,견적기준통합!$L6) -> 0 | P6: =SUMIFS(견적기준!$P$6:$P$198,견적기준!$H$6:$H$198,견적기준통합!$L6) -> 2 | Q6: =SUMIFS(견적기준!$Q$6:$Q$198,견적기준!$H$6:$H$198,견적기준통합!$L6) -> 6.5 | R6: =SUMIFS(견적기준!$R$6:$R$198,견적기준!$H$6:$H$198,견적기준통합!$L6) -> 7 | S6: =SUMIFS(견적기준!$S$6:$S$198,견적기준!$H$6:$H$198,견적기준통합!$L6) -> 7 | T6: =SUMIFS(견적기준!$T$6:$T$198,견적기준!$H$6:$H$198,견적기준통합!$L6) -> 7 | U6: =SUMIFS(견적기준!$U$6:$U$198,견적기준!$H$6:$H$198,견적기준통합!$L6) -> 7.5 | V6: =SUMIFS(견적기준!$V$6:$V$198,견적기준!$H$6:$H$198,견적기준통합!$L6) -> 7.5 | W6: =SUMIFS(견적기준!$W$6:$W$198,견적기준!$H$6:$H$198,견적기준통합!$L6) -> 7 | X6: =SUMIFS(견적기준!$X$6:$X$198,견적기준!$H$6:$H$198,견적기준통합!$L6) -> 7 | Y6: =SUMIFS(견적기준!$Y$6:$Y$198,견적기준!$H$6:$H$198,견적기준통합!$L6) -> 7 | Z6: =SUMIFS(견적기준!$Z$6:$Z$198,견적기준!$H$6:$H$198,견적기준통합!$L6) -> 4 | AA6: =SUMIFS(견적기준!$AA$6:$AA$198,견적기준!$H$6:$H$198,견적기준통합!$L6) -> 0 | AB6: =SUM(M6:AA6) -> 69.5
B7: 4 | C7: 이너웨이브 | D7: =SUMIFS(견적기준!$AB$6:$AB$233,견적기준!$H$6:$H$233,$C7,견적기준!$E$6:$E$233,견적기준통합!$D$3) -> 22 | E7: =SUMIFS(견적기준!$AB$6:$AB$233,견적기준!$H$6:$H$233,$C7,견적기준!$E$6:$E$233,견적기준통합!$E$3) -> 0 | F7: =SUMIFS(견적기준!$AB$6:$AB$233,견적기준!$H$6:$H$233,$C7,견적기준!$E$6:$E$233,견적기준통합!$F$3) -> 23 | G7: =SUMIFS(견적기준!$AB$6:$AB$233,견적기준!$H$6:$H$233,$C7,견적기준!$E$6:$E$233,견적기준통합!$G$3) -> 2 | H7: =SUM(D7:G7) -> 47 | I7: =H7/$H$17 -> 0.026448327 | L7: 이너웨이브 | M7: =SUMIFS(견적기준!$M$6:$M$198,견적기준!$H$6:$H$198,견적기준통합!$L7) -> 2 | N7: =SUMIFS(견적기준!$N$6:$N$198,견적기준!$H$6:$H$198,견적기준통합!$L7) -> 4 | O7: =SUMIFS(견적기준!$O$6:O$198,견적기준!$H$6:$H$198,견적기준통합!$L7) -> 5 | P7: =SUMIFS(견적기준!$P$6:$P$198,견적기준!$H$6:$H$198,견적기준통합!$L7) -> 5 | Q7: =SUMIFS(견적기준!$Q$6:$Q$198,견적기준!$H$6:$H$198,견적기준통합!$L7) -> 4 | R7: =SUMIFS(견적기준!$R$6:$R$198,견적기준!$H$6:$H$198,견적기준통합!$L7) -> 5 | S7: =SUMIFS(견적기준!$S$6:$S$198,견적기준!$H$6:$H$198,견적기준통합!$L7) -> 4 | T7: =SUMIFS(견적기준!$T$6:$T$198,견적기준!$H$6:$H$198,견적기준통합!$L7) -> 3 | U7: =SUMIFS(견적기준!$U$6:$U$198,견적기준!$H$6:$H$198,견적기준통합!$L7) -> 3 | V7: =SUMIFS(견적기준!$V$6:$V$198,견적기준!$H$6:$H$198,견적기준통합!$L7) -> 2 | W7: =SUMIFS(견적기준!$W$6:$W$198,견적기준!$H$6:$H$198,견적기준통합!$L7) -> 2 | X7: =SUMIFS(견적기준!$X$6:$X$198,견적기준!$H$6:$H$198,견적기준통합!$L7) -> 2 | Y7: =SUMIFS(견적기준!$Y$6:$Y$198,견적기준!$H$6:$H$198,견적기준통합!$L7) -> 2 | Z7: =SUMIFS(견적기준!$Z$6:$Z$198,견적기준!$H$6:$H$198,견적기준통합!$L7) -> 2 | AA7: =SUMIFS(견적기준!$AA$6:$AA$198,견적기준!$H$6:$H$198,견적기준통합!$L7) -> 2 | AB7: =SUM(M7:AA7) -> 47
B8: 5 | C8: 바이널씨 | D8: =SUMIFS(견적기준!$AB$6:$AB$233,견적기준!$H$6:$H$233,$C8,견적기준!$E$6:$E$233,견적기준통합!$D$3) -> 14.5 | E8: =SUMIFS(견적기준!$AB$6:$AB$233,견적기준!$H$6:$H$233,$C8,견적기준!$E$6:$E$233,견적기준통합!$E$3) -> 40.5 | F8: =SUMIFS(견적기준!$AB$6:$AB$233,견적기준!$H$6:$H$233,$C8,견적기준!$E$6:$E$233,견적기준통합!$F$3) -> 62 | G8: =SUMIFS(견적기준!$AB$6:$AB$233,견적기준!$H$6:$H$233,$C8,견적기준!$E$6:$E$233,견적기준통합!$G$3) -> 55 | H8: =SUM(D8:G8) -> 172 | I8: =H8/$H$17 -> 0.096789623 | L8: 바이널씨 | M8: =SUMIFS(견적기준!$M$6:$M$198,견적기준!$H$6:$H$198,견적기준통합!$L8) -> 11 | N8: =SUMIFS(견적기준!$N$6:$N$198,견적기준!$H$6:$H$198,견적기준통합!$L8) -> 12 | O8: =SUMIFS(견적기준!$O$6:O$198,견적기준!$H$6:$H$198,견적기준통합!$L8) -> 15 | P8: =SUMIFS(견적기준!$P$6:$P$198,견적기준!$H$6:$H$198,견적기준통합!$L8) -> 15 | Q8: =SUMIFS(견적기준!$Q$6:$Q$198,견적기준!$H$6:$H$198,견적기준통합!$L8) -> 14.5 | R8: =SUMIFS(견적기준!$R$6:$R$198,견적기준!$H$6:$H$198,견적기준통합!$L8) -> 14 | S8: =SUMIFS(견적기준!$S$6:$S$198,견적기준!$H$6:$H$198,견적기준통합!$L8) -> 14 | T8: =SUMIFS(견적기준!$T$6:$T$198,견적기준!$H$6:$H$198,견적기준통합!$L8) -> 14 | U8: =SUMIFS(견적기준!$U$6:$U$198,견적기준!$H$6:$H$198,견적기준통합!$L8) -> 14 | V8: =SUMIFS(견적기준!$V$6:$V$198,견적기준!$H$6:$H$198,견적기준통합!$L8) -> 12 | W8: =SUMIFS(견적기준!$W$6:$W$198,견적기준!$H$6:$H$198,견적기준통합!$L8) -> 11 | X8: =SUMIFS(견적기준!$X$6:$X$198,견적기준!$H$6:$H$198,견적기준통합!$L8) -> 9.5 | Y8: =SUMIFS(견적기준!$Y$6:$Y$198,견적기준!$H$6:$H$198,견적기준통합!$L8) -> 8 | Z8: =SUMIFS(견적기준!$Z$6:$Z$198,견적기준!$H$6:$H$198,견적기준통합!$L8) -> 6 | AA8: =SUMIFS(견적기준!$AA$6:$AA$198,견적기준!$H$6:$H$198,견적기준통합!$L8) -> 2 | AB8: =SUM(M8:AA8) -> 172
B9: 6 | C9: 커머스웨어 | D9: =SUMIFS(견적기준!$AB$6:$AB$233,견적기준!$H$6:$H$233,$C9,견적기준!$E$6:$E$233,견적기준통합!$D$3) -> 60 | E9: =SUMIFS(견적기준!$AB$6:$AB$233,견적기준!$H$6:$H$233,$C9,견적기준!$E$6:$E$233,견적기준통합!$E$3) -> 137 | F9: =SUMIFS(견적기준!$AB$6:$AB$233,견적기준!$H$6:$H$233,$C9,견적기준!$E$6:$E$233,견적기준통합!$F$3) -> 152.5 | G9: =SUMIFS(견적기준!$AB$6:$AB$233,견적기준!$H$6:$H$233,$C9,견적기준!$E$6:$E$233,견적기준통합!$G$3) -> 185 | H9: =SUM(D9:G9) -> 534.5 | I9: =H9/$H$17 -> 0.30077938 | L9: 커머스웨어 | M9: =SUMIFS(견적기준!$M$6:$M$198,견적기준!$H$6:$H$198,견적기준통합!$L9) -> 16 | N9: =SUMIFS(견적기준!$N$6:$N$198,견적기준!$H$6:$H$198,견적기준통합!$L9) -> 16 | O9: =SUMIFS(견적기준!$O$6:O$198,견적기준!$H$6:$H$198,견적기준통합!$L9) -> 16 | P9: =SUMIFS(견적기준!$P$6:$P$198,견적기준!$H$6:$H$198,견적기준통합!$L9) -> 16.5 | Q9: =SUMIFS(견적기준!$Q$6:$Q$198,견적기준!$H$6:$H$198,견적기준통합!$L9) -> 42 | R9: =SUMIFS(견적기준!$R$6:$R$198,견적기준!$H$6:$H$198,견적기준통합!$L9) -> 42 | S9: =SUMIFS(견적기준!$S$6:$S$198,견적기준!$H$6:$H$198,견적기준통합!$L9) -> 45 | T9: =SUMIFS(견적기준!$T$6:$T$198,견적기준!$H$6:$H$198,견적기준통합!$L9) -> 45 | U9: =SUMIFS(견적기준!$U$6:$U$198,견적기준!$H$6:$H$198,견적기준통합!$L9) -> 45 | V9: =SUMIFS(견적기준!$V$6:$V$198,견적기준!$H$6:$H$198,견적기준통합!$L9) -> 45 | W9: =SUMIFS(견적기준!$W$6:$W$198,견적기준!$H$6:$H$198,견적기준통합!$L9) -> 45 | X9: =SUMIFS(견적기준!$X$6:$X$198,견적기준!$H$6:$H$198,견적기준통합!$L9) -> 45 | Y9: =SUMIFS(견적기준!$Y$6:$Y$198,견적기준!$H$6:$H$198,견적기준통합!$L9) -> 45 | Z9: =SUMIFS(견적기준!$Z$6:$Z$198,견적기준!$H$6:$H$198,견적기준통합!$L9) -> 45 | AA9: =SUMIFS(견적기준!$AA$6:$AA$198,견적기준!$H$6:$H$198,견적기준통합!$L9) -> 26 | AB9: =SUM(M9:AA9) -> 534.5
B10: 7 | C10: 아이온 | D10: =SUMIFS(견적기준!$AB$6:$AB$233,견적기준!$H$6:$H$233,$C10,견적기준!$E$6:$E$233,견적기준통합!$D$3) -> 4 | E10: =SUMIFS(견적기준!$AB$6:$AB$233,견적기준!$H$6:$H$233,$C10,견적기준!$E$6:$E$233,견적기준통합!$E$3) -> 0 | F10: =SUMIFS(견적기준!$AB$6:$AB$233,견적기준!$H$6:$H$233,$C10,견적기준!$E$6:$E$233,견적기준통합!$F$3) -> 18.5 | G10: =SUMIFS(견적기준!$AB$6:$AB$233,견적기준!$H$6:$H$233,$C10,견적기준!$E$6:$E$233,견적기준통합!$G$3) -> 9 | H10: =SUM(D10:G10) -> 31.5 | I10: =H10/$H$17 -> 0.017726007 | L10: 아이온 | M10: =SUMIFS(견적기준!$M$6:$M$198,견적기준!$H$6:$H$198,견적기준통합!$L10) -> 1.25 | N10: =SUMIFS(견적기준!$N$6:$N$198,견적기준!$H$6:$H$198,견적기준통합!$L10) -> 0.75 | O10: =SUMIFS(견적기준!$O$6:O$198,견적기준!$H$6:$H$198,견적기준통합!$L10) -> 0.5 | P10: =SUMIFS(견적기준!$P$6:$P$198,견적기준!$H$6:$H$198,견적기준통합!$L10) -> 0.5 | Q10: =SUMIFS(견적기준!$Q$6:$Q$198,견적기준!$H$6:$H$198,견적기준통합!$L10) -> 3.25 | R10: =SUMIFS(견적기준!$R$6:$R$198,견적기준!$H$6:$H$198,견적기준통합!$L10) -> 2.5 | S10: =SUMIFS(견적기준!$S$6:$S$198,견적기준!$H$6:$H$198,견적기준통합!$L10) -> 2.5 | T10: =SUMIFS(견적기준!$T$6:$T$198,견적기준!$H$6:$H$198,견적기준통합!$L10) -> 2.5 | U10: =SUMIFS(견적기준!$U$6:$U$198,견적기준!$H$6:$H$198,견적기준통합!$L10) -> 3.5 | V10: =SUMIFS(견적기준!$V$6:$V$198,견적기준!$H$6:$H$198,견적기준통합!$L10) -> 3.5 | W10: =SUMIFS(견적기준!$W$6:$W$198,견적기준!$H$6:$H$198,견적기준통합!$L10) -> 3.75 | X10: =SUMIFS(견적기준!$X$6:$X$198,견적기준!$H$6:$H$198,견적기준통합!$L10) -> 3.5 | Y10: =SUMIFS(견적기준!$Y$6:$Y$198,견적기준!$H$6:$H$198,견적기준통합!$L10) -> 2.5 | Z10: =SUMIFS(견적기준!$Z$6:$Z$198,견적기준!$H$6:$H$198,견적기준통합!$L10) -> 0.5 | AA10: =SUMIFS(견적기준!$AA$6:$AA$198,견적기준!$H$6:$H$198,견적기준통합!$L10) -> 0.5 | AB10: =SUM(M10:AA10) -> 31.5
B11: 8 | C11: 씨엔씨네트웍스 | D11: =SUMIFS(견적기준!$AB$6:$AB$233,견적기준!$H$6:$H$233,$C11,견적기준!$E$6:$E$233,견적기준통합!$D$3) -> 41 | E11: =SUMIFS(견적기준!$AB$6:$AB$233,견적기준!$H$6:$H$233,$C11,견적기준!$E$6:$E$233,견적기준통합!$E$3) -> 33.5 | F11: =SUMIFS(견적기준!$AB$6:$AB$233,견적기준!$H$6:$H$233,$C11,견적기준!$E$6:$E$233,견적기준통합!$F$3) -> 9.5 | G11: =SUMIFS(견적기준!$AB$6:$AB$233,견적기준!$H$6:$H$233,$C11,견적기준!$E$6:$E$233,견적기준통합!$G$3) -> 9 | H11: =SUM(D11:G11) -> 93 | I11: =H11/$H$17 -> 0.052333924 | L11: 씨엔씨네트웍스 | M11: =SUMIFS(견적기준!$M$6:$M$198,견적기준!$H$6:$H$198,견적기준통합!$L11) -> 2 | N11: =SUMIFS(견적기준!$N$6:$N$198,견적기준!$H$6:$H$198,견적기준통합!$L11) -> 2.5 | O11: =SUMIFS(견적기준!$O$6:O$198,견적기준!$H$6:$H$198,견적기준통합!$L11) -> 4.5 | P11: =SUMIFS(견적기준!$P$6:$P$198,견적기준!$H$6:$H$198,견적기준통합!$L11) -> 5.5 | Q11: =SUMIFS(견적기준!$Q$6:$Q$198,견적기준!$H$6:$H$198,견적기준통합!$L11) -> 7.5 | R11: =SUMIFS(견적기준!$R$6:$R$198,견적기준!$H$6:$H$198,견적기준통합!$L11) -> 8 | S11: =SUMIFS(견적기준!$S$6:$S$198,견적기준!$H$6:$H$198,견적기준통합!$L11) -> 8 | T11: =SUMIFS(견적기준!$T$6:$T$198,견적기준!$H$6:$H$198,견적기준통합!$L11) -> 8 | U11: =SUMIFS(견적기준!$U$6:$U$198,견적기준!$H$6:$H$198,견적기준통합!$L11) -> 8 | V11: =SUMIFS(견적기준!$V$6:$V$198,견적기준!$H$6:$H$198,견적기준통합!$L11) -> 8 | W11: =SUMIFS(견적기준!$W$6:$W$198,견적기준!$H$6:$H$198,견적기준통합!$L11) -> 8 | X11: =SUMIFS(견적기준!$X$6:$X$198,견적기준!$H$6:$H$198,견적기준통합!$L11) -> 8 | Y11: =SUMIFS(견적기준!$Y$6:$Y$198,견적기준!$H$6:$H$198,견적기준통합!$L11) -> 8 | Z11: =SUMIFS(견적기준!$Z$6:$Z$198,견적기준!$H$6:$H$198,견적기준통합!$L11) -> 5.5 | AA11: =SUMIFS(견적기준!$AA$6:$AA$198,견적기준!$H$6:$H$198,견적기준통합!$L11) -> 1.5 | AB11: =SUM(M11:AA11) -> 93
B12: 9 | C12: 투비소프트 | D12: =SUMIFS(견적기준!$AB$6:$AB$233,견적기준!$H$6:$H$233,$C12,견적기준!$E$6:$E$233,견적기준통합!$D$3) -> 30 | E12: =SUMIFS(견적기준!$AB$6:$AB$233,견적기준!$H$6:$H$233,$C12,견적기준!$E$6:$E$233,견적기준통합!$E$3) -> 157 | F12: =SUMIFS(견적기준!$AB$6:$AB$233,견적기준!$H$6:$H$233,$C12,견적기준!$E$6:$E$233,견적기준통합!$F$3) -> 30 | G12: =SUMIFS(견적기준!$AB$6:$AB$233,견적기준!$H$6:$H$233,$C12,견적기준!$E$6:$E$233,견적기준통합!$G$3) -> 4 | H12: =SUM(D12:G12) -> 221 | I12: =H12/$H$17 -> 0.12436341 | L12: 투비소프트 | M12: =SUMIFS(견적기준!$M$6:$M$198,견적기준!$H$6:$H$198,견적기준통합!$L12) -> 6 | N12: =SUMIFS(견적기준!$N$6:$N$198,견적기준!$H$6:$H$198,견적기준통합!$L12) -> 12 | O12: =SUMIFS(견적기준!$O$6:O$198,견적기준!$H$6:$H$198,견적기준통합!$L12) -> 12 | P12: =SUMIFS(견적기준!$P$6:$P$198,견적기준!$H$6:$H$198,견적기준통합!$L12) -> 15 | Q12: =SUMIFS(견적기준!$Q$6:$Q$198,견적기준!$H$6:$H$198,견적기준통합!$L12) -> 22 | R12: =SUMIFS(견적기준!$R$6:$R$198,견적기준!$H$6:$H$198,견적기준통합!$L12) -> 19 | S12: =SUMIFS(견적기준!$S$6:$S$198,견적기준!$H$6:$H$198,견적기준통합!$L12) -> 17 | T12: =SUMIFS(견적기준!$T$6:$T$198,견적기준!$H$6:$H$198,견적기준통합!$L12) -> 17 | U12: =SUMIFS(견적기준!$U$6:$U$198,견적기준!$H$6:$H$198,견적기준통합!$L12) -> 17 | V12: =SUMIFS(견적기준!$V$6:$V$198,견적기준!$H$6:$H$198,견적기준통합!$L12) -> 17 | W12: =SUMIFS(견적기준!$W$6:$W$198,견적기준!$H$6:$H$198,견적기준통합!$L12) -> 16 | X12: =SUMIFS(견적기준!$X$6:$X$198,견적기준!$H$6:$H$198,견적기준통합!$L12) -> 16 | Y12: =SUMIFS(견적기준!$Y$6:$Y$198,견적기준!$H$6:$H$198,견적기준통합!$L12) -> 15 | Z12: =SUMIFS(견적기준!$Z$6:$Z$198,견적기준!$H$6:$H$198,견적기준통합!$L12) -> 13 | AA12: =SUMIFS(견적기준!$AA$6:$AA$198,견적기준!$H$6:$H$198,견적기준통합!$L12) -> 7 | AB12: =SUM(M12:AA12) -> 221
B13: 10 | C13: A&T | D13: =SUMIFS(견적기준!$AB$6:$AB$233,견적기준!$H$6:$H$233,$C13,견적기준!$E$6:$E$233,견적기준통합!$D$3) -> 30 | E13: =SUMIFS(견적기준!$AB$6:$AB$233,견적기준!$H$6:$H$233,$C13,견적기준!$E$6:$E$233,견적기준통합!$E$3) -> 61.5 | F13: =SUMIFS(견적기준!$AB$6:$AB$233,견적기준!$H$6:$H$233,$C13,견적기준!$E$6:$E$233,견적기준통합!$F$3) -> 16.5 | G13: =SUMIFS(견적기준!$AB$6:$AB$233,견적기준!$H$6:$H$233,$C13,견적기준!$E$6:$E$233,견적기준통합!$G$3) -> 0 | H13: =SUM(D13:G13) -> 108 | I13: =H13/$H$17 -> 0.06077488 | L13: A&T | M13: =SUMIFS(견적기준!$M$6:$M$198,견적기준!$H$6:$H$198,견적기준통합!$L13) -> 4 | N13: =SUMIFS(견적기준!$N$6:$N$198,견적기준!$H$6:$H$198,견적기준통합!$L13) -> 6 | O13: =SUMIFS(견적기준!$O$6:O$198,견적기준!$H$6:$H$198,견적기준통합!$L13) -> 7 | P13: =SUMIFS(견적기준!$P$6:$P$198,견적기준!$H$6:$H$198,견적기준통합!$L13) -> 7 | Q13: =SUMIFS(견적기준!$Q$6:$Q$198,견적기준!$H$6:$H$198,견적기준통합!$L13) -> 9 | R13: =SUMIFS(견적기준!$R$6:$R$198,견적기준!$H$6:$H$198,견적기준통합!$L13) -> 9 | S13: =SUMIFS(견적기준!$S$6:$S$198,견적기준!$H$6:$H$198,견적기준통합!$L13) -> 9 | T13: =SUMIFS(견적기준!$T$6:$T$198,견적기준!$H$6:$H$198,견적기준통합!$L13) -> 9 | U13: =SUMIFS(견적기준!$U$6:$U$198,견적기준!$H$6:$H$198,견적기준통합!$L13) -> 9 | V13: =SUMIFS(견적기준!$V$6:$V$198,견적기준!$H$6:$H$198,견적기준통합!$L13) -> 9 | W13: =SUMIFS(견적기준!$W$6:$W$198,견적기준!$H$6:$H$198,견적기준통합!$L13) -> 8 | X13: =SUMIFS(견적기준!$X$6:$X$198,견적기준!$H$6:$H$198,견적기준통합!$L13) -> 8 | Y13: =SUMIFS(견적기준!$Y$6:$Y$198,견적기준!$H$6:$H$198,견적기준통합!$L13) -> 6 | Z13: =SUMIFS(견적기준!$Z$6:$Z$198,견적기준!$H$6:$H$198,견적기준통합!$L13) -> 4 | AA13: =SUMIFS(견적기준!$AA$6:$AA$198,견적기준!$H$6:$H$198,견적기준통합!$L13) -> 4 | AB13: =SUM(M13:AA13) -> 108
B14: 11 | C14: 오브젠 | D14: =SUMIFS(견적기준!$AB$6:$AB$233,견적기준!$H$6:$H$233,$C14,견적기준!$E$6:$E$233,견적기준통합!$D$3) -> 24 | E14: =SUMIFS(견적기준!$AB$6:$AB$233,견적기준!$H$6:$H$233,$C14,견적기준!$E$6:$E$233,견적기준통합!$E$3) -> 51 | F14: =SUMIFS(견적기준!$AB$6:$AB$233,견적기준!$H$6:$H$233,$C14,견적기준!$E$6:$E$233,견적기준통합!$F$3) -> 0 | G14: =SUMIFS(견적기준!$AB$6:$AB$233,견적기준!$H$6:$H$233,$C14,견적기준!$E$6:$E$233,견적기준통합!$G$3) -> 5 | H14: =SUM(D14:G14) -> 80 | I14: =H14/$H$17 -> 0.045018429 | L14: 오브젠 | M14: =SUMIFS(견적기준!$M$6:$M$198,견적기준!$H$6:$H$198,견적기준통합!$L14) -> 0 | N14: =SUMIFS(견적기준!$N$6:$N$198,견적기준!$H$6:$H$198,견적기준통합!$L14) -> 0 | O14: =SUMIFS(견적기준!$O$6:O$198,견적기준!$H$6:$H$198,견적기준통합!$L14) -> 0 | P14: =SUMIFS(견적기준!$P$6:$P$198,견적기준!$H$6:$H$198,견적기준통합!$L14) -> 0 | Q14: =SUMIFS(견적기준!$Q$6:$Q$198,견적기준!$H$6:$H$198,견적기준통합!$L14) -> 0 | R14: =SUMIFS(견적기준!$R$6:$R$198,견적기준!$H$6:$H$198,견적기준통합!$L14) -> 0 | S14: =SUMIFS(견적기준!$S$6:$S$198,견적기준!$H$6:$H$198,견적기준통합!$L14) -> 5 | T14: =SUMIFS(견적기준!$T$6:$T$198,견적기준!$H$6:$H$198,견적기준통합!$L14) -> 8 | U14: =SUMIFS(견적기준!$U$6:$U$198,견적기준!$H$6:$H$198,견적기준통합!$L14) -> 9 | V14: =SUMIFS(견적기준!$V$6:$V$198,견적기준!$H$6:$H$198,견적기준통합!$L14) -> 10 | W14: =SUMIFS(견적기준!$W$6:$W$198,견적기준!$H$6:$H$198,견적기준통합!$L14) -> 12 | X14: =SUMIFS(견적기준!$X$6:$X$198,견적기준!$H$6:$H$198,견적기준통합!$L14) -> 12 | Y14: =SUMIFS(견적기준!$Y$6:$Y$198,견적기준!$H$6:$H$198,견적기준통합!$L14) -> 12 | Z14: =SUMIFS(견적기준!$Z$6:$Z$198,견적기준!$H$6:$H$198,견적기준통합!$L14) -> 12 | AA14: =SUMIFS(견적기준!$AA$6:$AA$198,견적기준!$H$6:$H$198,견적기준통합!$L14) -> 0 | AB14: =SUM(M14:AA14) -> 80
B15: 12 | C15: 골든플래닛 | D15: =SUMIFS(견적기준!$AB$6:$AB$233,견적기준!$H$6:$H$233,$C15,견적기준!$E$6:$E$233,견적기준통합!$D$3) -> 0 | E15: =SUMIFS(견적기준!$AB$6:$AB$233,견적기준!$H$6:$H$233,$C15,견적기준!$E$6:$E$233,견적기준통합!$E$3) -> 0 | F15: =SUMIFS(견적기준!$AB$6:$AB$233,견적기준!$H$6:$H$233,$C15,견적기준!$E$6:$E$233,견적기준통합!$F$3) -> 6.3 | G15: =SUMIFS(견적기준!$AB$6:$AB$233,견적기준!$H$6:$H$233,$C15,견적기준!$E$6:$E$233,견적기준통합!$G$3) -> 0 | H15: =SUM(D15:G15) -> 6.3 | I15: =H15/$H$17 -> 0.0035452013 | L15: 골든플래닛 | M15: =SUMIFS(견적기준!$M$6:$M$198,견적기준!$H$6:$H$198,견적기준통합!$L15) -> 0 | N15: =SUMIFS(견적기준!$N$6:$N$198,견적기준!$H$6:$H$198,견적기준통합!$L15) -> 0 | O15: =SUMIFS(견적기준!$O$6:O$198,견적기준!$H$6:$H$198,견적기준통합!$L15) -> 0 | P15: =SUMIFS(견적기준!$P$6:$P$198,견적기준!$H$6:$H$198,견적기준통합!$L15) -> 1 | Q15: =SUMIFS(견적기준!$Q$6:$Q$198,견적기준!$H$6:$H$198,견적기준통합!$L15) -> 1 | R15: =SUMIFS(견적기준!$R$6:$R$198,견적기준!$H$6:$H$198,견적기준통합!$L15) -> 1 | S15: =SUMIFS(견적기준!$S$6:$S$198,견적기준!$H$6:$H$198,견적기준통합!$L15) -> 1 | T15: =SUMIFS(견적기준!$T$6:$T$198,견적기준!$H$6:$H$198,견적기준통합!$L15) -> 1 | U15: =SUMIFS(견적기준!$U$6:$U$198,견적기준!$H$6:$H$198,견적기준통합!$L15) -> 1 | V15: =SUMIFS(견적기준!$V$6:$V$198,견적기준!$H$6:$H$198,견적기준통합!$L15) -> 0.3 | W15: =SUMIFS(견적기준!$W$6:$W$198,견적기준!$H$6:$H$198,견적기준통합!$L15) -> 0 | X15: =SUMIFS(견적기준!$X$6:$X$198,견적기준!$H$6:$H$198,견적기준통합!$L15) -> 0 | Y15: =SUMIFS(견적기준!$Y$6:$Y$198,견적기준!$H$6:$H$198,견적기준통합!$L15) -> 0 | Z15: =SUMIFS(견적기준!$Z$6:$Z$198,견적기준!$H$6:$H$198,견적기준통합!$L15) -> 0 | AA15: =SUMIFS(견적기준!$AA$6:$AA$198,견적기준!$H$6:$H$198,견적기준통합!$L15) -> 0 | AB15: =SUM(M15:AA15) -> 6.3
B16: 14 | C16: 플레이투게더 | D16: =SUMIFS(견적기준!$AB$6:$AB$233,견적기준!$H$6:$H$233,$C16,견적기준!$E$6:$E$233,견적기준통합!$D$3) -> 0 | E16: =SUMIFS(견적기준!$AB$6:$AB$233,견적기준!$H$6:$H$233,$C16,견적기준!$E$6:$E$233,견적기준통합!$E$3) -> 66.5 | F16: =SUMIFS(견적기준!$AB$6:$AB$233,견적기준!$H$6:$H$233,$C16,견적기준!$E$6:$E$233,견적기준통합!$F$3) -> 19.5 | G16: =SUMIFS(견적기준!$AB$6:$AB$233,견적기준!$H$6:$H$233,$C16,견적기준!$E$6:$E$233,견적기준통합!$G$3) -> 6 | H16: =SUM(D16:G16) -> 92 | I16: =H16/$H$17 -> 0.051771194 | L16: 플레이투게더 | M16: =SUMIFS(견적기준!$M$6:$M$198,견적기준!$H$6:$H$198,견적기준통합!$L16) -> 0 | N16: =SUMIFS(견적기준!$N$6:$N$198,견적기준!$H$6:$H$198,견적기준통합!$L16) -> 4 | O16: =SUMIFS(견적기준!$O$6:O$198,견적기준!$H$6:$H$198,견적기준통합!$L16) -> 4 | P16: =SUMIFS(견적기준!$P$6:$P$198,견적기준!$H$6:$H$198,견적기준통합!$L16) -> 4 | Q16: =SUMIFS(견적기준!$Q$6:$Q$198,견적기준!$H$6:$H$198,견적기준통합!$L16) -> 7.5 | R16: =SUMIFS(견적기준!$R$6:$R$198,견적기준!$H$6:$H$198,견적기준통합!$L16) -> 9 | S16: =SUMIFS(견적기준!$S$6:$S$198,견적기준!$H$6:$H$198,견적기준통합!$L16) -> 9 | T16: =SUMIFS(견적기준!$T$6:$T$198,견적기준!$H$6:$H$198,견적기준통합!$L16) -> 9 | U16: =SUMIFS(견적기준!$U$6:$U$198,견적기준!$H$6:$H$198,견적기준통합!$L16) -> 9 | V16: =SUMIFS(견적기준!$V$6:$V$198,견적기준!$H$6:$H$198,견적기준통합!$L16) -> 9 | W16: =SUMIFS(견적기준!$W$6:$W$198,견적기준!$H$6:$H$198,견적기준통합!$L16) -> 8 | X16: =SUMIFS(견적기준!$X$6:$X$198,견적기준!$H$6:$H$198,견적기준통합!$L16) -> 7 | Y16: =SUMIFS(견적기준!$Y$6:$Y$198,견적기준!$H$6:$H$198,견적기준통합!$L16) -> 7 | Z16: =SUMIFS(견적기준!$Z$6:$Z$198,견적기준!$H$6:$H$198,견적기준통합!$L16) -> 5.5 | AA16: =SUMIFS(견적기준!$AA$6:$AA$198,견적기준!$H$6:$H$198,견적기준통합!$L16) -> 0 | AB16: =SUM(M16:AA16) -> 92
B17: 총계 | D17: =SUM(D4:D16) -> 419 | E17: =SUM(E4:E16) -> 640 | F17: =SUM(F4:F16) -> 392.55 | G17: =SUM(G4:G16) -> 325.5 | H17: =SUM(H4:H16) -> 1777.05 | I17: =H17/$H$17 -> 1 | L17: 총계 | M17: =SUM(M4:M16) -> 58.25 | N17: =SUM(N4:N16) -> 73.75 | O17: =SUM(O4:O16) -> 85 | P17: =SUM(P4:P16) -> 93.5 | Q17: =SUM(Q4:Q16) -> 140.25 | R17: =SUM(R4:R16) -> 140.5 | S17: =SUM(S4:S16) -> 144.5 | T17: =SUM(T4:T16) -> 147.5 | ... AB17: =SUM(AB4:AB16) -> 1777.05
L19: 자연인
L20: 협력사 | M20: 2월 | N20: 3월 | O20: 4월 | P20: 5월 | Q20: 6월 | R20: 7월 | S20: 8월 | T20: 9월 | U20: 10월 | V20: 11월 | W20: 12월 | X20: 1월 | Y20: 2월 | Z20: 3월 | AA20: 4월 | AB20: 총계
L21: kt ds | M21: =COUNTIFS(견적기준!$M$6:$M$198,">0",견적기준!$H$6:$H$198,견적기준통합!$L21) -> 16 | N21: =COUNTIFS(견적기준!$N$6:$N$198,">0",견적기준!$H$6:$H$198,견적기준통합!$L21) -> 17 | O21: =COUNTIFS(견적기준!$O$6:$O$198,">0",견적기준!$H$6:$H$198,견적기준통합!$L21) -> 21 | P21: =COUNTIFS(견적기준!$P$6:$P$198,">0",견적기준!$H$6:$H$198,견적기준통합!$L21) -> 22 | Q21: =COUNTIFS(견적기준!$Q$6:$Q$198,">0",견적기준!$H$6:$H$198,견적기준통합!$L21) -> 23 | R21: =COUNTIFS(견적기준!$R$6:$R$198,">0",견적기준!$H$6:$H$198,견적기준통합!$L21) -> 24 | S21: =COUNTIFS(견적기준!$S$6:$S$198,">0",견적기준!$H$6:$H$198,견적기준통합!$L21) -> 23 | T21: =COUNTIFS(견적기준!$T$6:$T$198,">0",견적기준!$H$6:$H$198,견적기준통합!$L21) -> 25 | U21: =COUNTIFS(견적기준!$U$6:$U$198,">0",견적기준!$H$6:$H$198,견적기준통합!$L21) -> 26 | V21: =COUNTIFS(견적기준!$V$6:$V$198,">0",견적기준!$H$6:$H$198,견적기준통합!$L21) -> 29 | W21: =COUNTIFS(견적기준!$W$6:$W$198,">0",견적기준!$H$6:$H$198,견적기준통합!$L21) -> 27 | X21: =COUNTIFS(견적기준!$X$6:$X$198,">0",견적기준!$H$6:$H$198,견적기준통합!$L21) -> 27 | Y21: =COUNTIFS(견적기준!$Y$6:$Y$198,">0",견적기준!$H$6:$H$198,견적기준통합!$L21) -> 21 | Z21: =COUNTIFS(견적기준!$Z$6:$Z$198,">0",견적기준!$H$6:$H$198,견적기준통합!$L21) -> 16 | AA21: =COUNTIFS(견적기준!$AA$6:$AA$198,">0",견적기준!$H$6:$H$198,견적기준통합!$L21) -> 8 | AB21: =SUM(M21:AA21) -> 325
L22: SGSecurity | M22: =COUNTIFS(견적기준!$M$6:$M$198,">0",견적기준!$H$6:$H$198,견적기준통합!$L22) -> 0 | N22: =COUNTIFS(견적기준!$N$6:$N$198,">0",견적기준!$H$6:$H$198,견적기준통합!$L22) -> 0 | O22: =COUNTIFS(견적기준!$O$6:$O$198,">0",견적기준!$H$6:$H$198,견적기준통합!$L22) -> 1 | P22: =COUNTIFS(견적기준!$P$6:$P$198,">0",견적기준!$H$6:$H$198,견적기준통합!$L22) -> 1 | Q22: =COUNTIFS(견적기준!$Q$6:$Q$198,">0",견적기준!$H$6:$H$198,견적기준통합!$L22) -> 0 | R22: =COUNTIFS(견적기준!$R$6:$R$198,">0",견적기준!$H$6:$H$198,견적기준통합!$L22) -> 0 | S22: =COUNTIFS(견적기준!$S$6:$S$198,">0",견적기준!$H$6:$H$198,견적기준통합!$L22) -> 0 | T22: =COUNTIFS(견적기준!$T$6:$T$198,">0",견적기준!$H$6:$H$198,견적기준통합!$L22) -> 0 | U22: =COUNTIFS(견적기준!$U$6:$U$198,">0",견적기준!$H$6:$H$198,견적기준통합!$L22) -> 0 | V22: =COUNTIFS(견적기준!$V$6:$V$198,">0",견적기준!$H$6:$H$198,견적기준통합!$L22) -> 1 | W22: =COUNTIFS(견적기준!$W$6:$W$198,">0",견적기준!$H$6:$H$198,견적기준통합!$L22) -> 2 | X22: =COUNTIFS(견적기준!$X$6:$X$198,">0",견적기준!$H$6:$H$198,견적기준통합!$L22) -> 2 | Y22: =COUNTIFS(견적기준!$Y$6:$Y$198,">0",견적기준!$H$6:$H$198,견적기준통합!$L22) -> 2 | Z22: =COUNTIFS(견적기준!$Z$6:$Z$198,">0",견적기준!$H$6:$H$198,견적기준통합!$L22) -> 0 | AA22: =COUNTIFS(견적기준!$AA$6:$AA$198,">0",견적기준!$H$6:$H$198,견적기준통합!$L22) -> 0 | AB22: =SUM(M22:AA22) -> 9
L23: 비플컨설팅 | M23: =COUNTIFS(견적기준!$M$6:$M$198,">0",견적기준!$H$6:$H$198,견적기준통합!$L23) -> 0 | N23: =COUNTIFS(견적기준!$N$6:$N$198,">0",견적기준!$H$6:$H$198,견적기준통합!$L23) -> 0 | O23: =COUNTIFS(견적기준!$O$6:$O$198,">0",견적기준!$H$6:$H$198,견적기준통합!$L23) -> 0 | P23: =COUNTIFS(견적기준!$P$6:$P$198,">0",견적기준!$H$6:$H$198,견적기준통합!$L23) -> 2 | Q23: =COUNTIFS(견적기준!$Q$6:$Q$198,">0",견적기준!$H$6:$H$198,견적기준통합!$L23) -> 7 | R23: =COUNTIFS(견적기준!$R$6:$R$198,">0",견적기준!$H$6:$H$198,견적기준통합!$L23) -> 7 | S23: =COUNTIFS(견적기준!$S$6:$S$198,">0",견적기준!$H$6:$H$198,견적기준통합!$L23) -> 7 | T23: =COUNTIFS(견적기준!$T$6:$T$198,">0",견적기준!$H$6:$H$198,견적기준통합!$L23) -> 7 | U23: =COUNTIFS(견적기준!$U$6:$U$198,">0",견적기준!$H$6:$H$198,견적기준통합!$L23) -> 8 | V23: =COUNTIFS(견적기준!$V$6:$V$198,">0",견적기준!$H$6:$H$198,견적기준통합!$L23) -> 8 | W23: =COUNTIFS(견적기준!$W$6:$W$198,">0",견적기준!$H$6:$H$198,견적기준통합!$L23) -> 7 | X23: =COUNTIFS(견적기준!$X$6:$X$198,">0",견적기준!$H$6:$H$198,견적기준통합!$L23) -> 7 | Y23: =COUNTIFS(견적기준!$Y$6:$Y$198,">0",견적기준!$H$6:$H$198,견적기준통합!$L23) -> 7 | Z23: =COUNTIFS(견적기준!$Z$6:$Z$198,">0",견적기준!$H$6:$H$198,견적기준통합!$L23) -> 7 | AA23: =COUNTIFS(견적기준!$AA$6:$AA$198,">0",견적기준!$H$6:$H$198,견적기준통합!$L23) -> 0 | AB23: =SUM(M23:AA23) -> 74
L24: 이너웨이브 | M24: =COUNTIFS(견적기준!$M$6:$M$198,">0",견적기준!$H$6:$H$198,견적기준통합!$L24) -> 2 | N24: =COUNTIFS(견적기준!$N$6:$N$198,">0",견적기준!$H$6:$H$198,견적기준통합!$L24) -> 4 | O24: =COUNTIFS(견적기준!$O$6:$O$198,">0",견적기준!$H$6:$H$198,견적기준통합!$L24) -> 5 | P24: =COUNTIFS(견적기준!$P$6:$P$198,">0",견적기준!$H$6:$H$198,견적기준통합!$L24) -> 5 | Q24: =COUNTIFS(견적기준!$Q$6:$Q$198,">0",견적기준!$H$6:$H$198,견적기준통합!$L24) -> 4 | R24: =COUNTIFS(견적기준!$R$6:$R$198,">0",견적기준!$H$6:$H$198,견적기준통합!$L24) -> 5 | S24: =COUNTIFS(견적기준!$S$6:$S$198,">0",견적기준!$H$6:$H$198,견적기준통합!$L24) -> 4 | T24: =COUNTIFS(견적기준!$T$6:$T$198,">0",견적기준!$H$6:$H$198,견적기준통합!$L24) -> 3 | U24: =COUNTIFS(견적기준!$U$6:$U$198,">0",견적기준!$H$6:$H$198,견적기준통합!$L24) -> 3 | V24: =COUNTIFS(견적기준!$V$6:$V$198,">0",견적기준!$H$6:$H$198,견적기준통합!$L24) -> 2 | W24: =COUNTIFS(견적기준!$W$6:$W$198,">0",견적기준!$H$6:$H$198,견적기준통합!$L24) -> 2 | X24: =COUNTIFS(견적기준!$X$6:$X$198,">0",견적기준!$H$6:$H$198,견적기준통합!$L24) -> 2 | Y24: =COUNTIFS(견적기준!$Y$6:$Y$198,">0",견적기준!$H$6:$H$198,견적기준통합!$L24) -> 2 | Z24: =COUNTIFS(견적기준!$Z$6:$Z$198,">0",견적기준!$H$6:$H$198,견적기준통합!$L24) -> 2 | AA24: =COUNTIFS(견적기준!$AA$6:$AA$198,">0",견적기준!$H$6:$H$198,견적기준통합!$L24) -> 2 | AB24: =SUM(M24:AA24) -> 47
L25: 바이널씨 | M25: =COUNTIFS(견적기준!$M$6:$M$198,">0",견적기준!$H$6:$H$198,견적기준통합!$L25) -> 11 | N25: =COUNTIFS(견적기준!$N$6:$N$198,">0",견적기준!$H$6:$H$198,견적기준통합!$L25) -> 12 | O25: =COUNTIFS(견적기준!$O$6:$O$198,">0",견적기준!$H$6:$H$198,견적기준통합!$L25) -> 15 | P25: =COUNTIFS(견적기준!$P$6:$P$198,">0",견적기준!$H$6:$H$198,견적기준통합!$L25) -> 15 | Q25: =COUNTIFS(견적기준!$Q$6:$Q$198,">0",견적기준!$H$6:$H$198,견적기준통합!$L25) -> 15 | R25: =COUNTIFS(견적기준!$R$6:$R$198,">0",견적기준!$H$6:$H$198,견적기준통합!$L25) -> 14 | S25: =COUNTIFS(견적기준!$S$6:$S$198,">0",견적기준!$H$6:$H$198,견적기준통합!$L25) -> 14 | T25: =COUNTIFS(견적기준!$T$6:$T$198,">0",견적기준!$H$6:$H$198,견적기준통합!$L25) -> 14 | U25: =COUNTIFS(견적기준!$U$6:$U$198,">0",견적기준!$H$6:$H$198,견적기준통합!$L25) -> 14 | V25: =COUNTIFS(견적기준!$V$6:$V$198,">0",견적기준!$H$6:$H$198,견적기준통합!$L25) -> 12 | W25: =COUNTIFS(견적기준!$W$6:$W$198,">0",견적기준!$H$6:$H$198,견적기준통합!$L25) -> 11 | X25: =COUNTIFS(견적기준!$X$6:$X$198,">0",견적기준!$H$6:$H$198,견적기준통합!$L25) -> 10 | Y25: =COUNTIFS(견적기준!$Y$6:$Y$198,">0",견적기준!$H$6:$H$198,견적기준통합!$L25) -> 9 | Z25: =COUNTIFS(견적기준!$Z$6:$Z$198,">0",견적기준!$H$6:$H$198,견적기준통합!$L25) -> 7 | AA25: =COUNTIFS(견적기준!$AA$6:$AA$198,">0",견적기준!$H$6:$H$198,견적기준통합!$L25) -> 4 | AB25: =SUM(M25:AA25) -> 177
L26: 커머스웨어 | M26: =COUNTIFS(견적기준!$M$6:$M$198,">0",견적기준!$H$6:$H$198,견적기준통합!$L26) -> 16 | N26: =COUNTIFS(견적기준!$N$6:$N$198,">0",견적기준!$H$6:$H$198,견적기준통합!$L26) -> 16 | O26: =COUNTIFS(견적기준!$O$6:$O$198,">0",견적기준!$H$6:$H$198,견적기준통합!$L26) -> 16 | P26: =COUNTIFS(견적기준!$P$6:$P$198,">0",견적기준!$H$6:$H$198,견적기준통합!$L26) -> 17 | Q26: =COUNTIFS(견적기준!$Q$6:$Q$198,">0",견적기준!$H$6:$H$198,견적기준통합!$L26) -> 42 | R26: =COUNTIFS(견적기준!$R$6:$R$198,">0",견적기준!$H$6:$H$198,견적기준통합!$L26) -> 42 | S26: =COUNTIFS(견적기준!$S$6:$S$198,">0",견적기준!$H$6:$H$198,견적기준통합!$L26) -> 45 | T26: =COUNTIFS(견적기준!$T$6:$T$198,">0",견적기준!$H$6:$H$198,견적기준통합!$L26) -> 45 | U26: =COUNTIFS(견적기준!$U$6:$U$198,">0",견적기준!$H$6:$H$198,견적기준통합!$L26) -> 45 | V26: =COUNTIFS(견적기준!$V$6:$V$198,">0",견적기준!$H$6:$H$198,견적기준통합!$L26) -> 45 | W26: =COUNTIFS(견적기준!$W$6:$W$198,">0",견적기준!$H$6:$H$198,견적기준통합!$L26) -> 45 | X26: =COUNTIFS(견적기준!$X$6:$X$198,">0",견적기준!$H$6:$H$198,견적기준통합!$L26) -> 45 | Y26: =COUNTIFS(견적기준!$Y$6:$Y$198,">0",견적기준!$H$6:$H$198,견적기준통합!$L26) -> 45 | Z26: =COUNTIFS(견적기준!$Z$6:$Z$198,">0",견적기준!$H$6:$H$198,견적기준통합!$L26) -> 45 | AA26: =COUNTIFS(견적기준!$AA$6:$AA$198,">0",견적기준!$H$6:$H$198,견적기준통합!$L26) -> 26 | AB26: =SUM(M26:AA26) -> 535
L27: 아이온 | M27: =COUNTIFS(견적기준!$M$6:$M$198,">0",견적기준!$H$6:$H$198,견적기준통합!$L27) -> 2 | N27: =COUNTIFS(견적기준!$N$6:$N$198,">0",견적기준!$H$6:$H$198,견적기준통합!$L27) -> 2 | O27: =COUNTIFS(견적기준!$O$6:$O$198,">0",견적기준!$H$6:$H$198,견적기준통합!$L27) -> 1 | P27: =COUNTIFS(견적기준!$P$6:$P$198,">0",견적기준!$H$6:$H$198,견적기준통합!$L27) -> 1 | Q27: =COUNTIFS(견적기준!$Q$6:$Q$198,">0",견적기준!$H$6:$H$198,견적기준통합!$L27) -> 7 | R27: =COUNTIFS(견적기준!$R$6:$R$198,">0",견적기준!$H$6:$H$198,견적기준통합!$L27) -> 5 | S27: =COUNTIFS(견적기준!$S$6:$S$198,">0",견적기준!$H$6:$H$198,견적기준통합!$L27) -> 5 | T27: =COUNTIFS(견적기준!$T$6:$T$198,">0",견적기준!$H$6:$H$198,견적기준통합!$L27) -> 5 | U27: =COUNTIFS(견적기준!$U$6:$U$198,">0",견적기준!$H$6:$H$198,견적기준통합!$L27) -> 5 | V27: =COUNTIFS(견적기준!$V$6:$V$198,">0",견적기준!$H$6:$H$198,견적기준통합!$L27) -> 5 | W27: =COUNTIFS(견적기준!$W$6:$W$198,">0",견적기준!$H$6:$H$198,견적기준통합!$L27) -> 6 | X27: =COUNTIFS(견적기준!$X$6:$X$198,">0",견적기준!$H$6:$H$198,견적기준통합!$L27) -> 5 | Y27: =COUNTIFS(견적기준!$Y$6:$Y$198,">0",견적기준!$H$6:$H$198,견적기준통합!$L27) -> 5 | Z27: =COUNTIFS(견적기준!$Z$6:$Z$198,">0",견적기준!$H$6:$H$198,견적기준통합!$L27) -> 1 | AA27: =COUNTIFS(견적기준!$AA$6:$AA$198,">0",견적기준!$H$6:$H$198,견적기준통합!$L27) -> 1 | AB27: =SUM(M27:AA27) -> 56
L28: 씨엔씨네트웍스 | M28: =COUNTIFS(견적기준!$M$6:$M$198,">0",견적기준!$H$6:$H$198,견적기준통합!$L28) -> 2 | N28: =COUNTIFS(견적기준!$N$6:$N$198,">0",견적기준!$H$6:$H$198,견적기준통합!$L28) -> 3 | O28: =COUNTIFS(견적기준!$O$6:$O$198,">0",견적기준!$H$6:$H$198,견적기준통합!$L28) -> 5 | P28: =COUNTIFS(견적기준!$P$6:$P$198,">0",견적기준!$H$6:$H$198,견적기준통합!$L28) -> 6 | Q28: =COUNTIFS(견적기준!$Q$6:$Q$198,">0",견적기준!$H$6:$H$198,견적기준통합!$L28) -> 8 | R28: =COUNTIFS(견적기준!$R$6:$R$198,">0",견적기준!$H$6:$H$198,견적기준통합!$L28) -> 8 | S28: =COUNTIFS(견적기준!$S$6:$S$198,">0",견적기준!$H$6:$H$198,견적기준통합!$L28) -> 8 | T28: =COUNTIFS(견적기준!$T$6:$T$198,">0",견적기준!$H$6:$H$198,견적기준통합!$L28) -> 8 | U28: =COUNTIFS(견적기준!$U$6:$U$198,">0",견적기준!$H$6:$H$198,견적기준통합!$L28) -> 8 | V28: =COUNTIFS(견적기준!$V$6:$V$198,">0",견적기준!$H$6:$H$198,견적기준통합!$L28) -> 8 | W28: =COUNTIFS(견적기준!$W$6:$W$198,">0",견적기준!$H$6:$H$198,견적기준통합!$L28) -> 8 | X28: =COUNTIFS(견적기준!$X$6:$X$198,">0",견적기준!$H$6:$H$198,견적기준통합!$L28) -> 8 | Y28: =COUNTIFS(견적기준!$Y$6:$Y$198,">0",견적기준!$H$6:$H$198,견적기준통합!$L28) -> 8 | Z28: =COUNTIFS(견적기준!$Z$6:$Z$198,">0",견적기준!$H$6:$H$198,견적기준통합!$L28) -> 7 | AA28: =COUNTIFS(견적기준!$AA$6:$AA$198,">0",견적기준!$H$6:$H$198,견적기준통합!$L28) -> 3 | AB28: =SUM(M28:AA28) -> 98
L29: 투비소프트 | M29: =COUNTIFS(견적기준!$M$6:$M$198,">0",견적기준!$H$6:$H$198,견적기준통합!$L29) -> 6 | N29: =COUNTIFS(견적기준!$N$6:$N$198,">0",견적기준!$H$6:$H$198,견적기준통합!$L29) -> 12 | O29: =COUNTIFS(견적기준!$O$6:$O$198,">0",견적기준!$H$6:$H$198,견적기준통합!$L29) -> 12 | P29: =COUNTIFS(견적기준!$P$6:$P$198,">0",견적기준!$H$6:$H$198,견적기준통합!$L29) -> 15 | Q29: =COUNTIFS(견적기준!$Q$6:$Q$198,">0",견적기준!$H$6:$H$198,견적기준통합!$L29) -> 22 | R29: =COUNTIFS(견적기준!$R$6:$R$198,">0",견적기준!$H$6:$H$198,견적기준통합!$L29) -> 19 | S29: =COUNTIFS(견적기준!$S$6:$S$198,">0",견적기준!$H$6:$H$198,견적기준통합!$L29) -> 17 | T29: =COUNTIFS(견적기준!$T$6:$T$198,">0",견적기준!$H$6:$H$198,견적기준통합!$L29) -> 17 | U29: =COUNTIFS(견적기준!$U$6:$U$198,">0",견적기준!$H$6:$H$198,견적기준통합!$L29) -> 17 | V29: =COUNTIFS(견적기준!$V$6:$V$198,">0",견적기준!$H$6:$H$198,견적기준통합!$L29) -> 17 | W29: =COUNTIFS(견적기준!$W$6:$W$198,">0",견적기준!$H$6:$H$198,견적기준통합!$L29) -> 16 | X29: =COUNTIFS(견적기준!$X$6:$X$198,">0",견적기준!$H$6:$H$198,견적기준통합!$L29) -> 16 | Y29: =COUNTIFS(견적기준!$Y$6:$Y$198,">0",견적기준!$H$6:$H$198,견적기준통합!$L29) -> 15 | Z29: =COUNTIFS(견적기준!$Z$6:$Z$198,">0",견적기준!$H$6:$H$198,견적기준통합!$L29) -> 13 | AA29: =COUNTIFS(견적기준!$AA$6:$AA$198,">0",견적기준!$H$6:$H$198,견적기준통합!$L29) -> 7 | AB29: =SUM(M29:AA29) -> 221
L30: A&T | M30: =COUNTIFS(견적기준!$M$6:$M$198,">0",견적기준!$H$6:$H$198,견적기준통합!$L30) -> 4 | N30: =COUNTIFS(견적기준!$N$6:$N$198,">0",견적기준!$H$6:$H$198,견적기준통합!$L30) -> 7 | O30: =COUNTIFS(견적기준!$O$6:$O$198,">0",견적기준!$H$6:$H$198,견적기준통합!$L30) -> 7 | P30: =COUNTIFS(견적기준!$P$6:$P$198,">0",견적기준!$H$6:$H$198,견적기준통합!$L30) -> 7 | Q30: =COUNTIFS(견적기준!$Q$6:$Q$198,">0",견적기준!$H$6:$H$198,견적기준통합!$L30) -> 9 | R30: =COUNTIFS(견적기준!$R$6:$R$198,">0",견적기준!$H$6:$H$198,견적기준통합!$L30) -> 9 | S30: =COUNTIFS(견적기준!$S$6:$S$198,">0",견적기준!$H$6:$H$198,견적기준통합!$L30) -> 9 | T30: =COUNTIFS(견적기준!$T$6:$T$198,">0",견적기준!$H$6:$H$198,견적기준통합!$L30) -> 9 | U30: =COUNTIFS(견적기준!$U$6:$U$198,">0",견적기준!$H$6:$H$198,견적기준통합!$L30) -> 9 | V30: =COUNTIFS(견적기준!$V$6:$V$198,">0",견적기준!$H$6:$H$198,견적기준통합!$L30) -> 9 | W30: =COUNTIFS(견적기준!$W$6:$W$198,">0",견적기준!$H$6:$H$198,견적기준통합!$L30) -> 8 | X30: =COUNTIFS(견적기준!$X$6:$X$198,">0",견적기준!$H$6:$H$198,견적기준통합!$L30) -> 8 | Y30: =COUNTIFS(견적기준!$Y$6:$Y$198,">0",견적기준!$H$6:$H$198,견적기준통합!$L30) -> 6 | Z30: =COUNTIFS(견적기준!$Z$6:$Z$198,">0",견적기준!$H$6:$H$198,견적기준통합!$L30) -> 4 | AA30: =COUNTIFS(견적기준!$AA$6:$AA$198,">0",견적기준!$H$6:$H$198,견적기준통합!$L30) -> 4 | AB30: =SUM(M30:AA30) -> 109
L31: 오브젠 | M31: =COUNTIFS(견적기준!$M$6:$M$198,">0",견적기준!$H$6:$H$198,견적기준통합!$L31) -> 0 | N31: =COUNTIFS(견적기준!$N$6:$N$198,">0",견적기준!$H$6:$H$198,견적기준통합!$L31) -> 0 | O31: =COUNTIFS(견적기준!$O$6:$O$198,">0",견적기준!$H$6:$H$198,견적기준통합!$L31) -> 0 | P31: =COUNTIFS(견적기준!$P$6:$P$198,">0",견적기준!$H$6:$H$198,견적기준통합!$L31) -> 0 | Q31: =COUNTIFS(견적기준!$Q$6:$Q$198,">0",견적기준!$H$6:$H$198,견적기준통합!$L31) -> 0 | R31: =COUNTIFS(견적기준!$R$6:$R$198,">0",견적기준!$H$6:$H$198,견적기준통합!$L31) -> 0 | S31: =COUNTIFS(견적기준!$S$6:$S$198,">0",견적기준!$H$6:$H$198,견적기준통합!$L31) -> 5 | T31: =COUNTIFS(견적기준!$T$6:$T$198,">0",견적기준!$H$6:$H$198,견적기준통합!$L31) -> 8 | U31: =COUNTIFS(견적기준!$U$6:$U$198,">0",견적기준!$H$6:$H$198,견적기준통합!$L31) -> 9 | V31: =COUNTIFS(견적기준!$V$6:$V$198,">0",견적기준!$H$6:$H$198,견적기준통합!$L31) -> 10 | W31: =COUNTIFS(견적기준!$W$6:$W$198,">0",견적기준!$H$6:$H$198,견적기준통합!$L31) -> 12 | X31: =COUNTIFS(견적기준!$X$6:$X$198,">0",견적기준!$H$6:$H$198,견적기준통합!$L31) -> 12 | Y31: =COUNTIFS(견적기준!$Y$6:$Y$198,">0",견적기준!$H$6:$H$198,견적기준통합!$L31) -> 12 | Z31: =COUNTIFS(견적기준!$Z$6:$Z$198,">0",견적기준!$H$6:$H$198,견적기준통합!$L31) -> 12 | AA31: =COUNTIFS(견적기준!$AA$6:$AA$198,">0",견적기준!$H$6:$H$198,견적기준통합!$L31) -> 0 | AB31: =SUM(M31:AA31) -> 80
L32: 골든플래닛 | M32: =COUNTIFS(견적기준!$M$6:$M$198,">0",견적기준!$H$6:$H$198,견적기준통합!$L32) -> 0 | N32: =COUNTIFS(견적기준!$N$6:$N$198,">0",견적기준!$H$6:$H$198,견적기준통합!$L32) -> 0 | O32: =COUNTIFS(견적기준!$O$6:$O$198,">0",견적기준!$H$6:$H$198,견적기준통합!$L32) -> 0 | P32: =COUNTIFS(견적기준!$P$6:$P$198,">0",견적기준!$H$6:$H$198,견적기준통합!$L32) -> 1 | Q32: =COUNTIFS(견적기준!$Q$6:$Q$198,">0",견적기준!$H$6:$H$198,견적기준통합!$L32) -> 1 | R32: =COUNTIFS(견적기준!$R$6:$R$198,">0",견적기준!$H$6:$H$198,견적기준통합!$L32) -> 1 | S32: =COUNTIFS(견적기준!$S$6:$S$198,">0",견적기준!$H$6:$H$198,견적기준통합!$L32) -> 1 | T32: =COUNTIFS(견적기준!$T$6:$T$198,">0",견적기준!$H$6:$H$198,견적기준통합!$L32) -> 1 | U32: =COUNTIFS(견적기준!$U$6:$U$198,">0",견적기준!$H$6:$H$198,견적기준통합!$L32) -> 1 | V32: =COUNTIFS(견적기준!$V$6:$V$198,">0",견적기준!$H$6:$H$198,견적기준통합!$L32) -> 1 | W32: =COUNTIFS(견적기준!$W$6:$W$198,">0",견적기준!$H$6:$H$198,견적기준통합!$L32) -> 0 | X32: =COUNTIFS(견적기준!$X$6:$X$198,">0",견적기준!$H$6:$H$198,견적기준통합!$L32) -> 0 | Y32: =COUNTIFS(견적기준!$Y$6:$Y$198,">0",견적기준!$H$6:$H$198,견적기준통합!$L32) -> 0 | Z32: =COUNTIFS(견적기준!$Z$6:$Z$198,">0",견적기준!$H$6:$H$198,견적기준통합!$L32) -> 0 | AA32: =COUNTIFS(견적기준!$AA$6:$AA$198,">0",견적기준!$H$6:$H$198,견적기준통합!$L32) -> 0 | AB32: =SUM(M32:AA32) -> 7
L33: 플레이투게더 | M33: =COUNTIFS(견적기준!$M$6:$M$198,">0",견적기준!$H$6:$H$198,견적기준통합!$L33) -> 0 | N33: =COUNTIFS(견적기준!$N$6:$N$198,">0",견적기준!$H$6:$H$198,견적기준통합!$L33) -> 4 | O33: =COUNTIFS(견적기준!$O$6:$O$198,">0",견적기준!$H$6:$H$198,견적기준통합!$L33) -> 4 | P33: =COUNTIFS(견적기준!$P$6:$P$198,">0",견적기준!$H$6:$H$198,견적기준통합!$L33) -> 4 | Q33: =COUNTIFS(견적기준!$Q$6:$Q$198,">0",견적기준!$H$6:$H$198,견적기준통합!$L33) -> 9 | R33: =COUNTIFS(견적기준!$R$6:$R$198,">0",견적기준!$H$6:$H$198,견적기준통합!$L33) -> 9 | S33: =COUNTIFS(견적기준!$S$6:$S$198,">0",견적기준!$H$6:$H$198,견적기준통합!$L33) -> 9 | T33: =COUNTIFS(견적기준!$T$6:$T$198,">0",견적기준!$H$6:$H$198,견적기준통합!$L33) -> 9 | U33: =COUNTIFS(견적기준!$U$6:$U$198,">0",견적기준!$H$6:$H$198,견적기준통합!$L33) -> 9 | V33: =COUNTIFS(견적기준!$V$6:$V$198,">0",견적기준!$H$6:$H$198,견적기준통합!$L33) -> 9 | W33: =COUNTIFS(견적기준!$W$6:$W$198,">0",견적기준!$H$6:$H$198,견적기준통합!$L33) -> 9 | X33: =COUNTIFS(견적기준!$X$6:$X$198,">0",견적기준!$H$6:$H$198,견적기준통합!$L33) -> 7 | Y33: =COUNTIFS(견적기준!$Y$6:$Y$198,">0",견적기준!$H$6:$H$198,견적기준통합!$L33) -> 7 | Z33: =COUNTIFS(견적기준!$Z$6:$Z$198,">0",견적기준!$H$6:$H$198,견적기준통합!$L33) -> 7 | AA33: =COUNTIFS(견적기준!$AA$6:$AA$198,">0",견적기준!$H$6:$H$198,견적기준통합!$L33) -> 0 | AB33: =SUM(M33:AA33) -> 96
L34: 총계 | M34: =SUM(M21:M33) -> 59 | N34: =SUM(N21:N33) -> 77 | O34: =SUM(O21:O33) -> 87 | P34: =SUM(P21:P33) -> 96 | Q34: =SUM(Q21:Q33) -> 147 | R34: =SUM(R21:R33) -> 143 | S34: =SUM(S21:S33) -> 147 | T34: =SUM(T21:T33) -> 151 | ... AB34: =SUM(AB21:AB33) -> 1834

Sheet 협력사등급별MM
M1: 주간 산출비율: | N1: 1 | P1: =인력관리!N1 -> 1 | R1: 1 | T1: 1 | V1: 0.2
L2: 월 (M/M) | M2: K | O2: M | Q2: O | S2: Q | U2: S | W2: U | Y2: W | AA2: Y | AC2: AA | AE2: AC | AG2: AE | AI2: AG | AK2: AI | AM2: AK | AO2: AM
B3: 월별투입(계획) | L3: 협력사 | M3: 2월 | O3: 3월 | Q3: 4월 | S3: 5월 | U3: 6월 | W3: 7월 | Y3: 8월 | AA3: 9월 | AC3: 10월 | AE3: 11월 | AG3: 12월 | AI3: 1월 | AK3: 2월 | AM3: 3월 | AO3: 4월 | AQ3: 총계 | AR3: 실적 | AS3: 차이
B4: NO | C4: 협력사 | D4: 특급 | E4: 고급 | F4: 중급 | G4: 초급 | H4: 총계 | I4: 비율 | M4: 계획 | N4: 실적 | O4: 계획 | P4: 실적 | Q4: 계획 | R4: 실적 | S4: 계획 | T4: 실적 | U4: 계획 | V4: 실적 | W4: 계획 | X4: 실적 | Y4: 계획 | Z4: 실적 | AA4: 계획 | AB4: 실적 | AC4: 계획 | AD4: 실적 | AE4: 계획 | AF4: 실적 | AG4: 계획 | AH4: 실적 | AI4: 계획 | AJ4: 실적 | AK4: 계획 | AL4: 실적 | AM4: 계획 | AN4: 실적 | AO4: 계획 | AP4: 실적 | AT4: diff
B5: 1 | C5: kt ds | D5: =SUMIFS(인력관리!$AO$6:$AO$265,인력관리!$E$6:$E$265,$C5,인력관리!$D$6:$D$265,협력사등급별MM!$D$4) -> 157.45 | E5: =SUMIFS(인력관리!$AO$6:$AO$265,인력관리!$E$6:$E$265,$C5,인력관리!$D$6:$D$265,협력사등급별MM!$E$4) -> 71 | F5: =SUMIFS(인력관리!$AO$6:$AO$265,인력관리!$E$6:$E$265,$C5,인력관리!$D$6:$D$265,협력사등급별MM!$F$4) -> 40 | G5: =SUMIFS(인력관리!$AO$6:$AO$265,인력관리!$E$6:$E$265,$C5,인력관리!$D$6:$D$265,협력사등급별MM!$G$4) -> 51 | H5: =SUM(D5:G5) -> 319.45 | I5: =H5/$H$21 -> 0.18067417 | L5: kt ds | M5: =SUMIFS(INDEX(인력관리!$K:$AN, , COLUMNS($K:K)), 인력관리!$E:$E, $L5) -> 13.75 | N5: =SUMIFS(INDEX(인력관리!$K:$AN, , COLUMNS($K:L)), 인력관리!$E:$E, $L5) -> 17 | O5: =SUMIFS(INDEX(인력관리!$K:$AN, , COLUMNS($K:M)), 인력관리!$E:$E, $L5) -> 16.5 | P5: =SUMIFS(INDEX(인력관리!$K:$AN, , COLUMNS($K:N)), 인력관리!$E:$E, $L5) -> 18.5 | Q5: =SUMIFS(INDEX(인력관리!$K:$AN, , COLUMNS($K:O)), 인력관리!$E:$E, $L5) -> 17.5 | R5: =SUMIFS(INDEX(인력관리!$K:$AN, , COLUMNS($K:P)), 인력관리!$E:$E, $L5) -> 19.75 | S5: =SUMIFS(INDEX(인력관리!$K:$AN, , COLUMNS($K:Q)), 인력관리!$E:$E, $L5) -> 16.7 | T5: =SUMIFS(INDEX(인력관리!$K:$AN, , COLUMNS($K:R)), 인력관리!$E:$E, $L5) -> 20.29 | U5: =SUMIFS(INDEX(인력관리!$K:$AN, , COLUMNS($K:S)), 인력관리!$E:$E, $L5) -> 18 | V5: =SUMIFS(INDEX(인력관리!$K:$AN, , COLUMNS($K:T)), 인력관리!$E:$E, $L5) -> 15.6 | W5: =SUMIFS(INDEX(인력관리!$K:$AN, , COLUMNS($K:U)), 인력관리!$E:$E, $L5) -> 23 | X5: =SUMIFS(INDEX(인력관리!$K:$AN, , COLUMNS($K:V)), 인력관리!$E:$E, $L5) -> 0 | Y5: =SUMIFS(INDEX(인력관리!$K:$AN, , COLUMNS($K:W)), 인력관리!$E:$E, $L5) -> 25.5 | Z5: =SUMIFS(INDEX(인력관리!$K:$AN, , COLUMNS($K:X)), 인력관리!$E:$E, $L5) -> 0 | AA5: =SUMIFS(INDEX(인력관리!$K:$AN, , COLUMNS($K:Y)), 인력관리!$E:$E, $L5) -> 24.5 | AB5: =SUMIFS(INDEX(인력관리!$K:$AN, , COLUMNS($K:Z)), 인력관리!$E:$E, $L5) -> 0 | AC5: =SUMIFS(INDEX(인력관리!$K:$AN, , COLUMNS($K:AA)), 인력관리!$E:$E, $L5) -> 26 | AD5: =SUMIFS(INDEX(인력관리!$K:$AN, , COLUMNS($K:AB)), 인력관리!$E:$E, $L5) -> 0 | AE5: =SUMIFS(INDEX(인력관리!$K:$AN, , COLUMNS($K:AC)), 인력관리!$E:$E, $L5) -> 30 | AF5: =SUMIFS(INDEX(인력관리!$K:$AN, , COLUMNS($K:AD)), 인력관리!$E:$E, $L5) -> 0 | AG5: =SUMIFS(INDEX(인력관리!$K:$AN, , COLUMNS($K:AE)), 인력관리!$E:$E, $L5) -> 29.5 | AH5: =SUMIFS(INDEX(인력관리!$K:$AN, , COLUMNS($K:AF)), 인력관리!$E:$E, $L5) -> 0 | AI5: =SUMIFS(INDEX(인력관리!$K:$AN, , COLUMNS($K:AG)), 인력관리!$E:$E, $L5) -> 27.5 | AJ5: =SUMIFS(INDEX(인력관리!$K:$AN, , COLUMNS($K:AH)), 인력관리!$E:$E, $L5) -> 0 | AK5: =SUMIFS(INDEX(인력관리!$K:$AN, , COLUMNS($K:AI)), 인력관리!$E:$E, $L5) -> 21.2 | AL5: =SUMIFS(INDEX(인력관리!$K:$AN, , COLUMNS($K:AJ)), 인력관리!$E:$E, $L5) -> 0 | AM5: =SUMIFS(INDEX(인력관리!$K:$AN, , COLUMNS($K:AK)), 인력관리!$E:$E, $L5) -> 18 | AN5: =SUMIFS(INDEX(인력관리!$K:$AN, , COLUMNS($K:AL)), 인력관리!$E:$E, $L5) -> 0 | AO5: =SUMIFS(INDEX(인력관리!$K:$AN, , COLUMNS($K:AM)), 인력관리!$E:$E, $L5) -> 11.8 | AP5: =SUMIFS(INDEX(인력관리!$K:$AN, , COLUMNS($K:AN)), 인력관리!$E:$E, $L5) -> 0 | AQ5: =M5+O5+Q5+S5+U5+W5+Y5+AA5+AC5+AE5+AG5+AI5+AK5+AM5+AO5 -> 319.45 | AR5: =N5+P5+R5+T5+V5+X5+Z5+AB5+AD5+AF5+AH5+AJ5+AL5+AN5+AP5 -> 91.14 | AS5: =AR5-AQ5 -> -228.31 | AT5: =H5-AQ5 -> 0 | AU5: 308.45 | AV5: 317.1 | AW5: =AU5-AV5 -> -8.65
B6: 2 | C6: SGSecurity | D6: =SUMIFS(인력관리!$AO$6:$AO$265,인력관리!$E$6:$E$265,C6,인력관리!$D$6:$D$265,협력사등급별MM!$D$4) -> 0 | E6: =SUMIFS(인력관리!$AO$6:$AO$265,인력관리!$E$6:$E$265,$C6,인력관리!$D$6:$D$265,협력사등급별MM!$E$4) -> 2 | F6: =SUMIFS(인력관리!$AO$6:$AO$265,인력관리!$E$6:$E$265,$C6,인력관리!$D$6:$D$265,협력사등급별MM!$F$4) -> 5.25 | G6: =SUMIFS(인력관리!$AO$6:$AO$265,인력관리!$E$6:$E$265,$C6,인력관리!$D$6:$D$265,협력사등급별MM!$G$4) -> 0 | H6: =SUM(D6:G6) -> 7.25 | I6: =H6/$H$21 -> 0.0041004468 | L6: SGSecurity | M6: =SUMIFS(INDEX(인력관리!$K:$AN, , COLUMNS($K:K)), 인력관리!$E:$E, $L6) -> 0 | N6: =SUMIFS(INDEX(인력관리!$K:$AN, , COLUMNS($K:L)), 인력관리!$E:$E, $L6) -> 0 | O6: =SUMIFS(INDEX(인력관리!$K:$AN, , COLUMNS($K:M)), 인력관리!$E:$E, $L6) -> 0.5 | P6: =SUMIFS(INDEX(인력관리!$K:$AN, , COLUMNS($K:N)), 인력관리!$E:$E, $L6) -> 0.5 | Q6: =SUMIFS(INDEX(인력관리!$K:$AN, , COLUMNS($K:O)), 인력관리!$E:$E, $L6) -> 0.5 | R6: =SUMIFS(INDEX(인력관리!$K:$AN, , COLUMNS($K:P)), 인력관리!$E:$E, $L6) -> 0.5 | S6: =SUMIFS(INDEX(인력관리!$K:$AN, , COLUMNS($K:Q)), 인력관리!$E:$E, $L6) -> 0.75 | T6: =SUMIFS(INDEX(인력관리!$K:$AN, , COLUMNS($K:R)), 인력관리!$E:$E, $L6) -> 0.75 | U6: =SUMIFS(INDEX(인력관리!$K:$AN, , COLUMNS($K:S)), 인력관리!$E:$E, $L6) -> 0.5 | V6: =SUMIFS(INDEX(인력관리!$K:$AN, , COLUMNS($K:T)), 인력관리!$E:$E, $L6) -> 0 | W6: =SUMIFS(INDEX(인력관리!$K:$AN, , COLUMNS($K:U)), 인력관리!$E:$E, $L6) -> 0 | X6: =SUMIFS(INDEX(인력관리!$K:$AN, , COLUMNS($K:V)), 인력관리!$E:$E, $L6) -> 0 | Y6: =SUMIFS(INDEX(인력관리!$K:$AN, , COLUMNS($K:W)), 인력관리!$E:$E, $L6) -> 0 | Z6: =SUMIFS(INDEX(인력관리!$K:$AN, , COLUMNS($K:X)), 인력관리!$E:$E, $L6) -> 0 | AA6: =SUMIFS(INDEX(인력관리!$K:$AN, , COLUMNS($K:Y)), 인력관리!$E:$E, $L6) -> 0.75 | AB6: =SUMIFS(INDEX(인력관리!$K:$AN, , COLUMNS($K:Z)), 인력관리!$E:$E, $L6) -> 0 | AC6: =SUMIFS(INDEX(인력관리!$K:$AN, , COLUMNS($K:AA)), 인력관리!$E:$E, $L6) -> 0 | AD6: =SUMIFS(INDEX(인력관리!$K:$AN, , COLUMNS($K:AB)), 인력관리!$E:$E, $L6) -> 0 | AE6: =SUMIFS(INDEX(인력관리!$K:$AN, , COLUMNS($K:AC)), 인력관리!$E:$E, $L6) -> 1.75 | AF6: =SUMIFS(INDEX(인력관리!$K:$AN, , COLUMNS($K:AD)), 인력관리!$E:$E, $L6) -> 0 | AG6: =SUMIFS(INDEX(인력관리!$K:$AN, , COLUMNS($K:AE)), 인력관리!$E:$E, $L6) -> 2.5 | AH6: =SUMIFS(INDEX(인력관리!$K:$AN, , COLUMNS($K:AF)), 인력관리!$E:$E, $L6) -> 0 | AI6: =SUMIFS(INDEX(인력관리!$K:$AN, , COLUMNS($K:AG)), 인력관리!$E:$E, $L6) -> 0 | AJ6: =SUMIFS(INDEX(인력관리!$K:$AN, , COLUMNS($K:AH)), 인력관리!$E:$E, $L6) -> 0 | AK6: =SUMIFS(INDEX(인력관리!$K:$AN, , COLUMNS($K:AI)), 인력관리!$E:$E, $L6) -> 0 | AL6: =SUMIFS(INDEX(인력관리!$K:$AN, , COLUMNS($K:AJ)), 인력관리!$E:$E, $L6) -> 0 | AM6: =SUMIFS(INDEX(인력관리!$K:$AN, , COLUMNS($K:AK)), 인력관리!$E:$E, $L6) -> 0 | AN6: =SUMIFS(INDEX(인력관리!$K:$AN, , COLUMNS($K:AL)), 인력관리!$E:$E, $L6) -> 0 | AO6: =SUMIFS(INDEX(인력관리!$K:$AN, , COLUMNS($K:AM)), 인력관리!$E:$E, $L6) -> 0 | AP6: =SUMIFS(INDEX(인력관리!$K:$AN, , COLUMNS($K:AN)), 인력관리!$E:$E, $L6) -> 0 | AQ6: =M6+O6+Q6+S6+U6+W6+Y6+AA6+AC6+AE6+AG6+AI6+AK6+AM6+AO6 -> 7.25 | AR6: =N6+P6+R6+T6+V6+X6+Z6+AB6+AD6+AF6+AH6+AJ6+AL6+AN6+AP6 -> 1.75 | AS6: =AR6-AQ6 -> -5.5 | AT6: =H6-AQ6 -> 0 | AU6: 7.25 | AV6: 7.3 | AW6: =AU6-AV6 -> -0.05
B7: 3 | C7: 비플컨설팅 | D7: =SUMIFS(인력관리!$AO$6:$AO$265,인력관리!$E$6:$E$265,C7,인력관리!$D$6:$D$265,협력사등급별MM!$D$4) -> 36 | E7: =SUMIFS(인력관리!$AO$6:$AO$265,인력관리!$E$6:$E$265,$C7,인력관리!$D$6:$D$265,협력사등급별MM!$E$4) -> 15 | F7: =SUMIFS(인력관리!$AO$6:$AO$265,인력관리!$E$6:$E$265,$C7,인력관리!$D$6:$D$265,협력사등급별MM!$F$4) -> 9.5 | G7: =SUMIFS(인력관리!$AO$6:$AO$265,인력관리!$E$6:$E$265,$C7,인력관리!$D$6:$D$265,협력사등급별MM!$G$4) -> 9.5 | H7: =SUM(D7:G7) -> 70 | I7: =H7/$H$21 -> 0.039590521 | L7: 비플컨설팅 | M7: =SUMIFS(INDEX(인력관리!$K:$AN, , COLUMNS($K:K)), 인력관리!$E:$E, $L7) -> 0 | N7: =SUMIFS(INDEX(인력관리!$K:$AN, , COLUMNS($K:L)), 인력관리!$E:$E, $L7) -> 0 | O7: =SUMIFS(INDEX(인력관리!$K:$AN, , COLUMNS($K:M)), 인력관리!$E:$E, $L7) -> 0 | P7: =SUMIFS(INDEX(인력관리!$K:$AN, , COLUMNS($K:N)), 인력관리!$E:$E, $L7) -> 0 | Q7: =SUMIFS(INDEX(인력관리!$K:$AN, , COLUMNS($K:O)), 인력관리!$E:$E, $L7) -> 0 | R7: =SUMIFS(INDEX(인력관리!$K:$AN, , COLUMNS($K:P)), 인력관리!$E:$E, $L7) -> 0 | S7: =SUMIFS(INDEX(인력관리!$K:$AN, , COLUMNS($K:Q)), 인력관리!$E:$E, $L7) -> 1.25 | T7: =SUMIFS(INDEX(인력관리!$K:$AN, , COLUMNS($K:R)), 인력관리!$E:$E, $L7) -> 1.3 | U7: =SUMIFS(INDEX(인력관리!$K:$AN, , COLUMNS($K:S)), 인력관리!$E:$E, $L7) -> 5 | V7: =SUMIFS(INDEX(인력관리!$K:$AN, , COLUMNS($K:T)), 인력관리!$E:$E, $L7) -> 3 | W7: =SUMIFS(INDEX(인력관리!$K:$AN, , COLUMNS($K:U)), 인력관리!$E:$E, $L7) -> 7 | X7: =SUMIFS(INDEX(인력관리!$K:$AN, , COLUMNS($K:V)), 인력관리!$E:$E, $L7) -> 0 | Y7: =SUMIFS(INDEX(인력관리!$K:$AN, , COLUMNS($K:W)), 인력관리!$E:$E, $L7) -> 7 | Z7: =SUMIFS(INDEX(인력관리!$K:$AN, , COLUMNS($K:X)), 인력관리!$E:$E, $L7) -> 0 | AA7: =SUMIFS(INDEX(인력관리!$K:$AN, , COLUMNS($K:Y)), 인력관리!$E:$E, $L7) -> 7 | AB7: =SUMIFS(INDEX(인력관리!$K:$AN, , COLUMNS($K:Z)), 인력관리!$E:$E, $L7) -> 0 | AC7: =SUMIFS(INDEX(인력관리!$K:$AN, , COLUMNS($K:AA)), 인력관리!$E:$E, $L7) -> 7.5 | AD7: =SUMIFS(INDEX(인력관리!$K:$AN, , COLUMNS($K:AB)), 인력관리!$E:$E, $L7) -> 0 | AE7: =SUMIFS(INDEX(인력관리!$K:$AN, , COLUMNS($K:AC)), 인력관리!$E:$E, $L7) -> 8 | AF7: =SUMIFS(INDEX(인력관리!$K:$AN, , COLUMNS($K:AD)), 인력관리!$E:$E, $L7) -> 0 | AG7: =SUMIFS(INDEX(인력관리!$K:$AN, , COLUMNS($K:AE)), 인력관리!$E:$E, $L7) -> 7.5 | AH7: =SUMIFS(INDEX(인력관리!$K:$AN, , COLUMNS($K:AF)), 인력관리!$E:$E, $L7) -> 0 | AI7: =SUMIFS(INDEX(인력관리!$K:$AN, , COLUMNS($K:AG)), 인력관리!$E:$E, $L7) -> 7 | AJ7: =SUMIFS(INDEX(인력관리!$K:$AN, , COLUMNS($K:AH)), 인력관리!$E:$E, $L7) -> 0 | AK7: =SUMIFS(INDEX(인력관리!$K:$AN, , COLUMNS($K:AI)), 인력관리!$E:$E, $L7) -> 7 | AL7: =SUMIFS(INDEX(인력관리!$K:$AN, , COLUMNS($K:AJ)), 인력관리!$E:$E, $L7) -> 0 | AM7: =SUMIFS(INDEX(인력관리!$K:$AN, , COLUMNS($K:AK)), 인력관리!$E:$E, $L7) -> 4.5 | AN7: =SUMIFS(INDEX(인력관리!$K:$AN, , COLUMNS($K:AL)), 인력관리!$E:$E, $L7) -> 0 | AO7: =SUMIFS(INDEX(인력관리!$K:$AN, , COLUMNS($K:AM)), 인력관리!$E:$E, $L7) -> 1.25 | AP7: =SUMIFS(INDEX(인력관리!$K:$AN, , COLUMNS($K:AN)), 인력관리!$E:$E, $L7) -> 0 | AQ7: =M7+O7+Q7+S7+U7+W7+Y7+AA7+AC7+AE7+AG7+AI7+AK7+AM7+AO7 -> 70 | AR7: =N7+P7+R7+T7+V7+X7+Z7+AB7+AD7+AF7+AH7+AJ7+AL7+AN7+AP7 -> 4.3 | AS7: =AR7-AQ7 -> -65.7 | AT7: =H7-AQ7 -> 0 | AU7: 70 | AV7: 69.5 | AW7: =AU7-AV7 -> 0.5
B8: 4 | C8: 이너웨이브 | D8: =SUMIFS(인력관리!$AO$6:$AO$265,인력관리!$E$6:$E$265,C8,인력관리!$D$6:$D$265,협력사등급별MM!$D$4) -> 24 | E8: =SUMIFS(인력관리!$AO$6:$AO$265,인력관리!$E$6:$E$265,$C8,인력관리!$D$6:$D$265,협력사등급별MM!$E$4) -> 0 | F8: =SUMIFS(인력관리!$AO$6:$AO$265,인력관리!$E$6:$E$265,$C8,인력관리!$D$6:$D$265,협력사등급별MM!$F$4) -> 23 | G8: =SUMIFS(인력관리!$AO$6:$AO$265,인력관리!$E$6:$E$265,$C8,인력관리!$D$6:$D$265,협력사등급별MM!$G$4) -> 0 | H8: =SUM(D8:G8) -> 47 | I8: =H8/$H$21 -> 0.026582207 | L8: 이너웨이브 | M8: =SUMIFS(INDEX(인력관리!$K:$AN, , COLUMNS($K:K)), 인력관리!$E:$E, $L8) -> 2 | N8: =SUMIFS(INDEX(인력관리!$K:$AN, , COLUMNS($K:L)), 인력관리!$E:$E, $L8) -> 2 | O8: =SUMIFS(INDEX(인력관리!$K:$AN, , COLUMNS($K:M)), 인력관리!$E:$E, $L8) -> 2 | P8: =SUMIFS(INDEX(인력관리!$K:$AN, , COLUMNS($K:N)), 인력관리!$E:$E, $L8) -> 2 | Q8: =SUMIFS(INDEX(인력관리!$K:$AN, , COLUMNS($K:O)), 인력관리!$E:$E, $L8) -> 5 | R8: =SUMIFS(INDEX(인력관리!$K:$AN, , COLUMNS($K:P)), 인력관리!$E:$E, $L8) -> 5 | S8: =SUMIFS(INDEX(인력관리!$K:$AN, , COLUMNS($K:Q)), 인력관리!$E:$E, $L8) -> 5 | T8: =SUMIFS(INDEX(인력관리!$K:$AN, , COLUMNS($K:R)), 인력관리!$E:$E, $L8) -> 5 | U8: =SUMIFS(INDEX(인력관리!$K:$AN, , COLUMNS($K:S)), 인력관리!$E:$E, $L8) -> 5 | V8: =SUMIFS(INDEX(인력관리!$K:$AN, , COLUMNS($K:T)), 인력관리!$E:$E, $L8) -> 3 | W8: =SUMIFS(INDEX(인력관리!$K:$AN, , COLUMNS($K:U)), 인력관리!$E:$E, $L8) -> 5 | X8: =SUMIFS(INDEX(인력관리!$K:$AN, , COLUMNS($K:V)), 인력관리!$E:$E, $L8) -> 0 | Y8: =SUMIFS(INDEX(인력관리!$K:$AN, , COLUMNS($K:W)), 인력관리!$E:$E, $L8) -> 4 | Z8: =SUMIFS(INDEX(인력관리!$K:$AN, , COLUMNS($K:X)), 인력관리!$E:$E, $L8) -> 0 | AA8: =SUMIFS(INDEX(인력관리!$K:$AN, , COLUMNS($K:Y)), 인력관리!$E:$E, $L8) -> 3 | AB8: =SUMIFS(INDEX(인력관리!$K:$AN, , COLUMNS($K:Z)), 인력관리!$E:$E, $L8) -> 0 | AC8: =SUMIFS(INDEX(인력관리!$K:$AN, , COLUMNS($K:AA)), 인력관리!$E:$E, $L8) -> 3 | AD8: =SUMIFS(INDEX(인력관리!$K:$AN, , COLUMNS($K:AB)), 인력관리!$E:$E, $L8) -> 0 | AE8: =SUMIFS(INDEX(인력관리!$K:$AN, , COLUMNS($K:AC)), 인력관리!$E:$E, $L8) -> 3 | AF8: =SUMIFS(INDEX(인력관리!$K:$AN, , COLUMNS($K:AD)), 인력관리!$E:$E, $L8) -> 0 | AG8: =SUMIFS(INDEX(인력관리!$K:$AN, , COLUMNS($K:AE)), 인력관리!$E:$E, $L8) -> 2 | AH8: =SUMIFS(INDEX(인력관리!$K:$AN, , COLUMNS($K:AF)), 인력관리!$E:$E, $L8) -> 0 | AI8: =SUMIFS(INDEX(인력관리!$K:$AN, , COLUMNS($K:AG)), 인력관리!$E:$E, $L8) -> 2 | AJ8: =SUMIFS(INDEX(인력관리!$K:$AN, , COLUMNS($K:AH)), 인력관리!$E:$E, $L8) -> 0 | AK8: =SUMIFS(INDEX(인력관리!$K:$AN, , COLUMNS($K:AI)), 인력관리!$E:$E, $L8) -> 2 | AL8: =SUMIFS(INDEX(인력관리!$K:$AN, , COLUMNS($K:AJ)), 인력관리!$E:$E, $L8) -> 0 | AM8: =SUMIFS(INDEX(인력관리!$K:$AN, , COLUMNS($K:AK)), 인력관리!$E:$E, $L8) -> 2 | AN8: =SUMIFS(INDEX(인력관리!$K:$AN, , COLUMNS($K:AL)), 인력관리!$E:$E, $L8) -> 0 | AO8: =SUMIFS(INDEX(인력관리!$K:$AN, , COLUMNS($K:AM)), 인력관리!$E:$E, $L8) -> 2 | AP8: =SUMIFS(INDEX(인력관리!$K:$AN, , COLUMNS($K:AN)), 인력관리!$E:$E, $L8) -> 0 | AQ8: =M8+O8+Q8+S8+U8+W8+Y8+AA8+AC8+AE8+AG8+AI8+AK8+AM8+AO8 -> 47 | AR8: =N8+P8+R8+T8+V8+X8+Z8+AB8+AD8+AF8+AH8+AJ8+AL8+AN8+AP8 -> 17 | AS8: =AR8-AQ8 -> -30 | AT8: =H8-AQ8 -> 0 | AU8: 47 | AV8: 47 | AW8: =AU8-AV8 -> 0
B9: 5 | C9: 바이널씨 | D9: =SUMIFS(인력관리!$AO$6:$AO$265,인력관리!$E$6:$E$265,C9,인력관리!$D$6:$D$265,협력사등급별MM!$D$4) -> 14.5 | E9: =SUMIFS(인력관리!$AO$6:$AO$265,인력관리!$E$6:$E$265,$C9,인력관리!$D$6:$D$265,협력사등급별MM!$E$4) -> 34.5 | F9: =SUMIFS(인력관리!$AO$6:$AO$265,인력관리!$E$6:$E$265,$C9,인력관리!$D$6:$D$265,협력사등급별MM!$F$4) -> 68 | G9: =SUMIFS(인력관리!$AO$6:$AO$265,인력관리!$E$6:$E$265,$C9,인력관리!$D$6:$D$265,협력사등급별MM!$G$4) -> 55 | H9: =SUM(D9:G9) -> 172 | I9: =H9/$H$21 -> 0.097279566 | L9: 바이널씨 | M9: =SUMIFS(INDEX(인력관리!$K:$AN, , COLUMNS($K:K)), 인력관리!$E:$E, $L9) -> 6.5 | N9: =SUMIFS(INDEX(인력관리!$K:$AN, , COLUMNS($K:L)), 인력관리!$E:$E, $L9) -> 6.5 | O9: =SUMIFS(INDEX(인력관리!$K:$AN, , COLUMNS($K:M)), 인력관리!$E:$E, $L9) -> 12 | P9: =SUMIFS(INDEX(인력관리!$K:$AN, , COLUMNS($K:N)), 인력관리!$E:$E, $L9) -> 12 | Q9: =SUMIFS(INDEX(인력관리!$K:$AN, , COLUMNS($K:O)), 인력관리!$E:$E, $L9) -> 17 | R9: =SUMIFS(INDEX(인력관리!$K:$AN, , COLUMNS($K:P)), 인력관리!$E:$E, $L9) -> 19 | S9: =SUMIFS(INDEX(인력관리!$K:$AN, , COLUMNS($K:Q)), 인력관리!$E:$E, $L9) -> 17 | T9: =SUMIFS(INDEX(인력관리!$K:$AN, , COLUMNS($K:R)), 인력관리!$E:$E, $L9) -> 19 | U9: =SUMIFS(INDEX(인력관리!$K:$AN, , COLUMNS($K:S)), 인력관리!$E:$E, $L9) -> 17 | V9: =SUMIFS(INDEX(인력관리!$K:$AN, , COLUMNS($K:T)), 인력관리!$E:$E, $L9) -> 13.8 | W9: =SUMIFS(INDEX(인력관리!$K:$AN, , COLUMNS($K:U)), 인력관리!$E:$E, $L9) -> 17 | X9: =SUMIFS(INDEX(인력관리!$K:$AN, , COLUMNS($K:V)), 인력관리!$E:$E, $L9) -> 0 | Y9: =SUMIFS(INDEX(인력관리!$K:$AN, , COLUMNS($K:W)), 인력관리!$E:$E, $L9) -> 17 | Z9: =SUMIFS(INDEX(인력관리!$K:$AN, , COLUMNS($K:X)), 인력관리!$E:$E, $L9) -> 0 | AA9: =SUMIFS(INDEX(인력관리!$K:$AN, , COLUMNS($K:Y)), 인력관리!$E:$E, $L9) -> 15.75 | AB9: =SUMIFS(INDEX(인력관리!$K:$AN, , COLUMNS($K:Z)), 인력관리!$E:$E, $L9) -> 0 | AC9: =SUMIFS(INDEX(인력관리!$K:$AN, , COLUMNS($K:AA)), 인력관리!$E:$E, $L9) -> 15 | AD9: =SUMIFS(INDEX(인력관리!$K:$AN, , COLUMNS($K:AB)), 인력관리!$E:$E, $L9) -> 0 | AE9: =SUMIFS(INDEX(인력관리!$K:$AN, , COLUMNS($K:AC)), 인력관리!$E:$E, $L9) -> 11 | AF9: =SUMIFS(INDEX(인력관리!$K:$AN, , COLUMNS($K:AD)), 인력관리!$E:$E, $L9) -> 0 | AG9: =SUMIFS(INDEX(인력관리!$K:$AN, , COLUMNS($K:AE)), 인력관리!$E:$E, $L9) -> 7.5 | AH9: =SUMIFS(INDEX(인력관리!$K:$AN, , COLUMNS($K:AF)), 인력관리!$E:$E, $L9) -> 0 | AI9: =SUMIFS(INDEX(인력관리!$K:$AN, , COLUMNS($K:AG)), 인력관리!$E:$E, $L9) -> 6.25 | AJ9: =SUMIFS(INDEX(인력관리!$K:$AN, , COLUMNS($K:AH)), 인력관리!$E:$E, $L9) -> 0 | AK9: =SUMIFS(INDEX(인력관리!$K:$AN, , COLUMNS($K:AI)), 인력관리!$E:$E, $L9) -> 5.5 | AL9: =SUMIFS(INDEX(인력관리!$K:$AN, , COLUMNS($K:AJ)), 인력관리!$E:$E, $L9) -> 0 | AM9: =SUMIFS(INDEX(인력관리!$K:$AN, , COLUMNS($K:AK)), 인력관리!$E:$E, $L9) -> 5 | AN9: =SUMIFS(INDEX(인력관리!$K:$AN, , COLUMNS($K:AL)), 인력관리!$E:$E, $L9) -> 0 | AO9: =SUMIFS(INDEX(인력관리!$K:$AN, , COLUMNS($K:AM)), 인력관리!$E:$E, $L9) -> 2.5 | AP9: =SUMIFS(INDEX(인력관리!$K:$AN, , COLUMNS($K:AN)), 인력관리!$E:$E, $L9) -> 0 | AQ9: =M9+O9+Q9+S9+U9+W9+Y9+AA9+AC9+AE9+AG9+AI9+AK9+AM9+AO9 -> 172 | AR9: =N9+P9+R9+T9+V9+X9+Z9+AB9+AD9+AF9+AH9+AJ9+AL9+AN9+AP9 -> 70.3 | AS9: =AR9-AQ9 -> -101.7 | AT9: =H9-AQ9 -> 0 | AU9: 172 | AV9: 172 | AW9: =AU9-AV9 -> 0
B10: 6 | C10: 커머스웨어 | D10: =SUMIFS(인력관리!$AO$6:$AO$265,인력관리!$E$6:$E$265,C10,인력관리!$D$6:$D$265,협력사등급별MM!$D$4) -> 60 | E10: =SUMIFS(인력관리!$AO$6:$AO$265,인력관리!$E$6:$E$265,$C10,인력관리!$D$6:$D$265,협력사등급별MM!$E$4) -> 153.25 | F10: =SUMIFS(인력관리!$AO$6:$AO$265,인력관리!$E$6:$E$265,$C10,인력관리!$D$6:$D$265,협력사등급별MM!$F$4) -> 159 | G10: =SUMIFS(인력관리!$AO$6:$AO$265,인력관리!$E$6:$E$265,$C10,인력관리!$D$6:$D$265,협력사등급별MM!$G$4) -> 187 | H10: =SUM(D10:G10) -> 559.25 | I10: =H10/$H$21 -> 0.31629998 | L10: 커머스웨어 | M10: =SUMIFS(INDEX(인력관리!$K:$AN, , COLUMNS($K:K)), 인력관리!$E:$E, $L10) -> 16.75 | N10: =SUMIFS(INDEX(인력관리!$K:$AN, , COLUMNS($K:L)), 인력관리!$E:$E, $L10) -> 19 | O10: =SUMIFS(INDEX(인력관리!$K:$AN, , COLUMNS($K:M)), 인력관리!$E:$E, $L10) -> 18 | P10: =SUMIFS(INDEX(인력관리!$K:$AN, , COLUMNS($K:N)), 인력관리!$E:$E, $L10) -> 22 | Q10: =SUMIFS(INDEX(인력관리!$K:$AN, , COLUMNS($K:O)), 인력관리!$E:$E, $L10) -> 19 | R10: =SUMIFS(INDEX(인력관리!$K:$AN, , COLUMNS($K:P)), 인력관리!$E:$E, $L10) -> 27.85 | S10: =SUMIFS(INDEX(인력관리!$K:$AN, , COLUMNS($K:Q)), 인력관리!$E:$E, $L10) -> 19 | T10: =SUMIFS(INDEX(인력관리!$K:$AN, , COLUMNS($K:R)), 인력관리!$E:$E, $L10) -> 29 | U10: =SUMIFS(INDEX(인력관리!$K:$AN, , COLUMNS($K:S)), 인력관리!$E:$E, $L10) -> 41 | V10: =SUMIFS(INDEX(인력관리!$K:$AN, , COLUMNS($K:T)), 인력관리!$E:$E, $L10) -> 24.6 | W10: =SUMIFS(INDEX(인력관리!$K:$AN, , COLUMNS($K:U)), 인력관리!$E:$E, $L10) -> 43.5 | X10: =SUMIFS(INDEX(인력관리!$K:$AN, , COLUMNS($K:V)), 인력관리!$E:$E, $L10) -> 0 | Y10: =SUMIFS(INDEX(인력관리!$K:$AN, , COLUMNS($K:W)), 인력관리!$E:$E, $L10) -> 46 | Z10: =SUMIFS(INDEX(인력관리!$K:$AN, , COLUMNS($K:X)), 인력관리!$E:$E, $L10) -> 0 | AA10: =SUMIFS(INDEX(인력관리!$K:$AN, , COLUMNS($K:Y)), 인력관리!$E:$E, $L10) -> 46 | AB10: =SUMIFS(INDEX(인력관리!$K:$AN, , COLUMNS($K:Z)), 인력관리!$E:$E, $L10) -> 0 | AC10: =SUMIFS(INDEX(인력관리!$K:$AN, , COLUMNS($K:AA)), 인력관리!$E:$E, $L10) -> 46 | AD10: =SUMIFS(INDEX(인력관리!$K:$AN, , COLUMNS($K:AB)), 인력관리!$E:$E, $L10) -> 0 | AE10: =SUMIFS(INDEX(인력관리!$K:$AN, , COLUMNS($K:AC)), 인력관리!$E:$E, $L10) -> 46 | AF10: =SUMIFS(INDEX(인력관리!$K:$AN, , COLUMNS($K:AD)), 인력관리!$E:$E, $L10) -> 0 | AG10: =SUMIFS(INDEX(인력관리!$K:$AN, , COLUMNS($K:AE)), 인력관리!$E:$E, $L10) -> 46 | AH10: =SUMIFS(INDEX(인력관리!$K:$AN, , COLUMNS($K:AF)), 인력관리!$E:$E, $L10) -> 0 | AI10: =SUMIFS(INDEX(인력관리!$K:$AN, , COLUMNS($K:AG)), 인력관리!$E:$E, $L10) -> 46 | AJ10: =SUMIFS(INDEX(인력관리!$K:$AN, , COLUMNS($K:AH)), 인력관리!$E:$E, $L10) -> 0 | AK10: =SUMIFS(INDEX(인력관리!$K:$AN, , COLUMNS($K:AI)), 인력관리!$E:$E, $L10) -> 46 | AL10: =SUMIFS(INDEX(인력관리!$K:$AN, , COLUMNS($K:AJ)), 인력관리!$E:$E, $L10) -> 0 | AM10: =SUMIFS(INDEX(인력관리!$K:$AN, , COLUMNS($K:AK)), 인력관리!$E:$E, $L10) -> 46 | AN10: =SUMIFS(INDEX(인력관리!$K:$AN, , COLUMNS($K:AL)), 인력관리!$E:$E, $L10) -> 0 | AO10: =SUMIFS(INDEX(인력관리!$K:$AN, , COLUMNS($K:AM)), 인력관리!$E:$E, $L10) -> 34 | AP10: =SUMIFS(INDEX(인력관리!$K:$AN, , COLUMNS($K:AN)), 인력관리!$E:$E, $L10) -> 0 | AQ10: =M10+O10+Q10+S10+U10+W10+Y10+AA10+AC10+AE10+AG10+AI10+AK10+AM10+AO10 -> 559.25 | AR10: =N10+P10+R10+T10+V10+X10+Z10+AB10+AD10+AF10+AH10+AJ10+AL10+AN10+AP10 -> 122.45 | AS10: =AR10-AQ10 -> -436.8 | AT10: =H10-AQ10 -> 0 | AU10: 559.25 | AV10: 559.5 | AW10: =AU10-AV10 -> -0.25
B11: 7 | C11: 아이온 | D11: =SUMIFS(인력관리!$AO$6:$AO$265,인력관리!$E$6:$E$265,C11,인력관리!$D$6:$D$265,협력사등급별MM!$D$4) -> 0 | E11: =SUMIFS(인력관리!$AO$6:$AO$265,인력관리!$E$6:$E$265,$C11,인력관리!$D$6:$D$265,협력사등급별MM!$E$4) -> 0 | F11: =SUMIFS(인력관리!$AO$6:$AO$265,인력관리!$E$6:$E$265,$C11,인력관리!$D$6:$D$265,협력사등급별MM!$F$4) -> 0 | G11: =SUMIFS(인력관리!$AO$6:$AO$265,인력관리!$E$6:$E$265,$C11,인력관리!$D$6:$D$265,협력사등급별MM!$G$4) -> 0 | H11: =SUM(D11:G11) -> 0 | I11: =H11/$H$21 -> 0 | L11: 아이온 | M11: =SUMIFS(INDEX(인력관리!$K:$AN, , COLUMNS($K:K)), 인력관리!$E:$E, $L11) -> 0 | N11: =SUMIFS(INDEX(인력관리!$K:$AN, , COLUMNS($K:L)), 인력관리!$E:$E, $L11) -> 0 | O11: =SUMIFS(INDEX(인력관리!$K:$AN, , COLUMNS($K:M)), 인력관리!$E:$E, $L11) -> 0 | P11: =SUMIFS(INDEX(인력관리!$K:$AN, , COLUMNS($K:N)), 인력관리!$E:$E, $L11) -> 0 | Q11: =SUMIFS(INDEX(인력관리!$K:$AN, , COLUMNS($K:O)), 인력관리!$E:$E, $L11) -> 0 | R11: =SUMIFS(INDEX(인력관리!$K:$AN, , COLUMNS($K:P)), 인력관리!$E:$E, $L11) -> 0 | S11: =SUMIFS(INDEX(인력관리!$K:$AN, , COLUMNS($K:Q)), 인력관리!$E:$E, $L11) -> 0 | T11: =SUMIFS(INDEX(인력관리!$K:$AN, , COLUMNS($K:R)), 인력관리!$E:$E, $L11) -> 0 | U11: =SUMIFS(INDEX(인력관리!$K:$AN, , COLUMNS($K:S)), 인력관리!$E:$E, $L11) -> 0 | V11: =SUMIFS(INDEX(인력관리!$K:$AN, , COLUMNS($K:T)), 인력관리!$E:$E, $L11) -> 0 | W11: =SUMIFS(INDEX(인력관리!$K:$AN, , COLUMNS($K:U)), 인력관리!$E:$E, $L11) -> 0 | X11: =SUMIFS(INDEX(인력관리!$K:$AN, , COLUMNS($K:V)), 인력관리!$E:$E, $L11) -> 0 | Y11: =SUMIFS(INDEX(인력관리!$K:$AN, , COLUMNS($K:W)), 인력관리!$E:$E, $L11) -> 0 | Z11: =SUMIFS(INDEX(인력관리!$K:$AN, , COLUMNS($K:X)), 인력관리!$E:$E, $L11) -> 0 | AA11: =SUMIFS(INDEX(인력관리!$K:$AN, , COLUMNS($K:Y)), 인력관리!$E:$E, $L11) -> 0 | AB11: =SUMIFS(INDEX(인력관리!$K:$AN, , COLUMNS($K:Z)), 인력관리!$E:$E, $L11) -> 0 | AC11: =SUMIFS(INDEX(인력관리!$K:$AN, , COLUMNS($K:AA)), 인력관리!$E:$E, $L11) -> 0 | AD11: =SUMIFS(INDEX(인력관리!$K:$AN, , COLUMNS($K:AB)), 인력관리!$E:$E, $L11) -> 0 | AE11: =SUMIFS(INDEX(인력관리!$K:$AN, , COLUMNS($K:AC)), 인력관리!$E:$E, $L11) -> 0 | AF11: =SUMIFS(INDEX(인력관리!$K:$AN, , COLUMNS($K:AD)), 인력관리!$E:$E, $L11) -> 0 | AG11: =SUMIFS(INDEX(인력관리!$K:$AN, , COLUMNS($K:AE)), 인력관리!$E:$E, $L11) -> 0 | AH11: =SUMIFS(INDEX(인력관리!$K:$AN, , COLUMNS($K:AF)), 인력관리!$E:$E, $L11) -> 0 | AI11: =SUMIFS(INDEX(인력관리!$K:$AN, , COLUMNS($K:AG)), 인력관리!$E:$E, $L11) -> 0 | AJ11: =SUMIFS(INDEX(인력관리!$K:$AN, , COLUMNS($K:AH)), 인력관리!$E:$E, $L11) -> 0 | AK11: =SUMIFS(INDEX(인력관리!$K:$AN, , COLUMNS($K:AI)), 인력관리!$E:$E, $L11) -> 0 | AL11: =SUMIFS(INDEX(인력관리!$K:$AN, , COLUMNS($K:AJ)), 인력관리!$E:$E, $L11) -> 0 | AM11: =SUMIFS(INDEX(인력관리!$K:$AN, , COLUMNS($K:AK)), 인력관리!$E:$E, $L11) -> 0 | AN11: =SUMIFS(INDEX(인력관리!$K:$AN, , COLUMNS($K:AL)), 인력관리!$E:$E, $L11) -> 0 | AO11: =SUMIFS(INDEX(인력관리!$K:$AN, , COLUMNS($K:AM)), 인력관리!$E:$E, $L11) -> 0 | AP11: =SUMIFS(INDEX(인력관리!$K:$AN, , COLUMNS($K:AN)), 인력관리!$E:$E, $L11) -> 0 | AQ11: =M11+O11+Q11+S11+U11+W11+Y11+AA11+AC11+AE11+AG11+AI11+AK11+AM11+AO11 -> 0 | AR11: =N11+P11+R11+T11+V11+X11+Z11+AB11+AD11+AF11+AH11+AJ11+AL11+AN11+AP11 -> 0 | AS11: =AR11-AQ11 -> 0 | AT11: =H11-AQ11 -> 0 | AU11: 0 | AV11: 0 | AW11: =AU11-AV11 -> 0
B12: 8 | C12: 씨엔씨네트웍스 | D12: =SUMIFS(인력관리!$AO$6:$AO$265,인력관리!$E$6:$E$265,C12,인력관리!$D$6:$D$265,협력사등급별MM!$D$4) -> 47.4 | E12: =SUMIFS(인력관리!$AO$6:$AO$265,인력관리!$E$6:$E$265,$C12,인력관리!$D$6:$D$265,협력사등급별MM!$E$4) -> 11.7 | F12: =SUMIFS(인력관리!$AO$6:$AO$265,인력관리!$E$6:$E$265,$C12,인력관리!$D$6:$D$265,협력사등급별MM!$F$4) -> 9 | G12: =SUMIFS(인력관리!$AO$6:$AO$265,인력관리!$E$6:$E$265,$C12,인력관리!$D$6:$D$265,협력사등급별MM!$G$4) -> 4 | H12: =SUM(D12:G12) -> 72.1 | I12: =H12/$H$21 -> 0.040778237 | L12: 씨엔씨네트웍스 | M12: =SUMIFS(INDEX(인력관리!$K:$AN, , COLUMNS($K:K)), 인력관리!$E:$E, $L12) -> 2 | N12: =SUMIFS(INDEX(인력관리!$K:$AN, , COLUMNS($K:L)), 인력관리!$E:$E, $L12) -> 2 | O12: =SUMIFS(INDEX(인력관리!$K:$AN, , COLUMNS($K:M)), 인력관리!$E:$E, $L12) -> 3.4 | P12: =SUMIFS(INDEX(인력관리!$K:$AN, , COLUMNS($K:N)), 인력관리!$E:$E, $L12) -> 3.4 | Q12: =SUMIFS(INDEX(인력관리!$K:$AN, , COLUMNS($K:O)), 인력관리!$E:$E, $L12) -> 4 | R12: =SUMIFS(INDEX(인력관리!$K:$AN, , COLUMNS($K:P)), 인력관리!$E:$E, $L12) -> 4.5 | S12: =SUMIFS(INDEX(인력관리!$K:$AN, , COLUMNS($K:Q)), 인력관리!$E:$E, $L12) -> 5.4 | T12: =SUMIFS(INDEX(인력관리!$K:$AN, , COLUMNS($K:R)), 인력관리!$E:$E, $L12) -> 8.4 | U12: =SUMIFS(INDEX(인력관리!$K:$AN, , COLUMNS($K:S)), 인력관리!$E:$E, $L12) -> 9 | V12: =SUMIFS(INDEX(인력관리!$K:$AN, , COLUMNS($K:T)), 인력관리!$E:$E, $L12) -> 5.4 | W12: =SUMIFS(INDEX(인력관리!$K:$AN, , COLUMNS($K:U)), 인력관리!$E:$E, $L12) -> 9 | X12: =SUMIFS(INDEX(인력관리!$K:$AN, , COLUMNS($K:V)), 인력관리!$E:$E, $L12) -> 0 | Y12: =SUMIFS(INDEX(인력관리!$K:$AN, , COLUMNS($K:W)), 인력관리!$E:$E, $L12) -> 7 | Z12: =SUMIFS(INDEX(인력관리!$K:$AN, , COLUMNS($K:X)), 인력관리!$E:$E, $L12) -> 0 | AA12: =SUMIFS(INDEX(인력관리!$K:$AN, , COLUMNS($K:Y)), 인력관리!$E:$E, $L12) -> 7 | AB12: =SUMIFS(INDEX(인력관리!$K:$AN, , COLUMNS($K:Z)), 인력관리!$E:$E, $L12) -> 0 | AC12: =SUMIFS(INDEX(인력관리!$K:$AN, , COLUMNS($K:AA)), 인력관리!$E:$E, $L12) -> 6.5 | AD12: =SUMIFS(INDEX(인력관리!$K:$AN, , COLUMNS($K:AB)), 인력관리!$E:$E, $L12) -> 0 | AE12: =SUMIFS(INDEX(인력관리!$K:$AN, , COLUMNS($K:AC)), 인력관리!$E:$E, $L12) -> 6 | AF12: =SUMIFS(INDEX(인력관리!$K:$AN, , COLUMNS($K:AD)), 인력관리!$E:$E, $L12) -> 0 | AG12: =SUMIFS(INDEX(인력관리!$K:$AN, , COLUMNS($K:AE)), 인력관리!$E:$E, $L12) -> 6 | AH12: =SUMIFS(INDEX(인력관리!$K:$AN, , COLUMNS($K:AF)), 인력관리!$E:$E, $L12) -> 0 | AI12: =SUMIFS(INDEX(인력관리!$K:$AN, , COLUMNS($K:AG)), 인력관리!$E:$E, $L12) -> 3 | AJ12: =SUMIFS(INDEX(인력관리!$K:$AN, , COLUMNS($K:AH)), 인력관리!$E:$E, $L12) -> 0 | AK12: =SUMIFS(INDEX(인력관리!$K:$AN, , COLUMNS($K:AI)), 인력관리!$E:$E, $L12) -> 2.3 | AL12: =SUMIFS(INDEX(인력관리!$K:$AN, , COLUMNS($K:AJ)), 인력관리!$E:$E, $L12) -> 0 | AM12: =SUMIFS(INDEX(인력관리!$K:$AN, , COLUMNS($K:AK)), 인력관리!$E:$E, $L12) -> 1 | AN12: =SUMIFS(INDEX(인력관리!$K:$AN, , COLUMNS($K:AL)), 인력관리!$E:$E, $L12) -> 0 | AO12: =SUMIFS(INDEX(인력관리!$K:$AN, , COLUMNS($K:AM)), 인력관리!$E:$E, $L12) -> 0.5 | AP12: =SUMIFS(INDEX(인력관리!$K:$AN, , COLUMNS($K:AN)), 인력관리!$E:$E, $L12) -> 0 | AQ12: =M12+O12+Q12+S12+U12+W12+Y12+AA12+AC12+AE12+AG12+AI12+AK12+AM12+AO12 -> 72.1 | AR12: =N12+P12+R12+T12+V12+X12+Z12+AB12+AD12+AF12+AH12+AJ12+AL12+AN12+AP12 -> 23.7 | AS12: =AR12-AQ12 -> -48.4 | AT12: =H12-AQ12 -> 0 | AU12: 72.1 | AV12: 98 | AW12: =AU12-AV12 -> -25.9 | AX12: -15 -> 커머스 전달 빠진영역 확인
B13: 9 | C13: 투비소프트 | D13: =SUMIFS(인력관리!$AO$6:$AO$265,인력관리!$E$6:$E$265,C13,인력관리!$D$6:$D$265,협력사등급별MM!$D$4) -> 24.5 | E13: =SUMIFS(인력관리!$AO$6:$AO$265,인력관리!$E$6:$E$265,$C13,인력관리!$D$6:$D$265,협력사등급별MM!$E$4) -> 143.5 | F13: =SUMIFS(인력관리!$AO$6:$AO$265,인력관리!$E$6:$E$265,$C13,인력관리!$D$6:$D$265,협력사등급별MM!$F$4) -> 23.8 | G13: =SUMIFS(인력관리!$AO$6:$AO$265,인력관리!$E$6:$E$265,$C13,인력관리!$D$6:$D$265,협력사등급별MM!$G$4) -> 4 | H13: =SUM(D13:G13) -> 195.8 | I13: =H13/$H$21 -> 0.11074034 | L13: 투비소프트 | M13: =SUMIFS(INDEX(인력관리!$K:$AN, , COLUMNS($K:K)), 인력관리!$E:$E, $L13) -> 2.75 | N13: =SUMIFS(INDEX(인력관리!$K:$AN, , COLUMNS($K:L)), 인력관리!$E:$E, $L13) -> 2.75 | O13: =SUMIFS(INDEX(인력관리!$K:$AN, , COLUMNS($K:M)), 인력관리!$E:$E, $L13) -> 7.45 | P13: =SUMIFS(INDEX(인력관리!$K:$AN, , COLUMNS($K:N)), 인력관리!$E:$E, $L13) -> 6.4 | Q13: =SUMIFS(INDEX(인력관리!$K:$AN, , COLUMNS($K:O)), 인력관리!$E:$E, $L13) -> 11.35 | R13: =SUMIFS(INDEX(인력관리!$K:$AN, , COLUMNS($K:P)), 인력관리!$E:$E, $L13) -> 12.3 | S13: =SUMIFS(INDEX(인력관리!$K:$AN, , COLUMNS($K:Q)), 인력관리!$E:$E, $L13) -> 17.05 | T13: =SUMIFS(INDEX(인력관리!$K:$AN, , COLUMNS($K:R)), 인력관리!$E:$E, $L13) -> 18.1 | U13: =SUMIFS(INDEX(인력관리!$K:$AN, , COLUMNS($K:S)), 인력관리!$E:$E, $L13) -> 16.5 | V13: =SUMIFS(INDEX(인력관리!$K:$AN, , COLUMNS($K:T)), 인력관리!$E:$E, $L13) -> 10.2 | W13: =SUMIFS(INDEX(인력관리!$K:$AN, , COLUMNS($K:U)), 인력관리!$E:$E, $L13) -> 22 | X13: =SUMIFS(INDEX(인력관리!$K:$AN, , COLUMNS($K:V)), 인력관리!$E:$E, $L13) -> 0 | Y13: =SUMIFS(INDEX(인력관리!$K:$AN, , COLUMNS($K:W)), 인력관리!$E:$E, $L13) -> 21 | Z13: =SUMIFS(INDEX(인력관리!$K:$AN, , COLUMNS($K:X)), 인력관리!$E:$E, $L13) -> 0 | AA13: =SUMIFS(INDEX(인력관리!$K:$AN, , COLUMNS($K:Y)), 인력관리!$E:$E, $L13) -> 17.95 | AB13: =SUMIFS(INDEX(인력관리!$K:$AN, , COLUMNS($K:Z)), 인력관리!$E:$E, $L13) -> 0 | AC13: =SUMIFS(INDEX(인력관리!$K:$AN, , COLUMNS($K:AA)), 인력관리!$E:$E, $L13) -> 17 | AD13: =SUMIFS(INDEX(인력관리!$K:$AN, , COLUMNS($K:AB)), 인력관리!$E:$E, $L13) -> 0 | AE13: =SUMIFS(INDEX(인력관리!$K:$AN, , COLUMNS($K:AC)), 인력관리!$E:$E, $L13) -> 17 | AF13: =SUMIFS(INDEX(인력관리!$K:$AN, , COLUMNS($K:AD)), 인력관리!$E:$E, $L13) -> 0 | AG13: =SUMIFS(INDEX(인력관리!$K:$AN, , COLUMNS($K:AE)), 인력관리!$E:$E, $L13) -> 18 | AH13: =SUMIFS(INDEX(인력관리!$K:$AN, , COLUMNS($K:AF)), 인력관리!$E:$E, $L13) -> 0 | AI13: =SUMIFS(INDEX(인력관리!$K:$AN, , COLUMNS($K:AG)), 인력관리!$E:$E, $L13) -> 17.5 | AJ13: =SUMIFS(INDEX(인력관리!$K:$AN, , COLUMNS($K:AH)), 인력관리!$E:$E, $L13) -> 0 | AK13: =SUMIFS(INDEX(인력관리!$K:$AN, , COLUMNS($K:AI)), 인력관리!$E:$E, $L13) -> 15 | AL13: =SUMIFS(INDEX(인력관리!$K:$AN, , COLUMNS($K:AJ)), 인력관리!$E:$E, $L13) -> 0 | AM13: =SUMIFS(INDEX(인력관리!$K:$AN, , COLUMNS($K:AK)), 인력관리!$E:$E, $L13) -> 6.25 | AN13: =SUMIFS(INDEX(인력관리!$K:$AN, , COLUMNS($K:AL)), 인력관리!$E:$E, $L13) -> 0 | AO13: =SUMIFS(INDEX(인력관리!$K:$AN, , COLUMNS($K:AM)), 인력관리!$E:$E, $L13) -> 0 | AP13: =SUMIFS(INDEX(인력관리!$K:$AN, , COLUMNS($K:AN)), 인력관리!$E:$E, $L13) -> 0 | AQ13: =M13+O13+Q13+S13+U13+W13+Y13+AA13+AC13+AE13+AG13+AI13+AK13+AM13+AO13 -> 206.8 | AR13: =N13+P13+R13+T13+V13+X13+Z13+AB13+AD13+AF13+AH13+AJ13+AL13+AN13+AP13 -> 49.75 | AS13: =AR13-AQ13 -> -157.05 | AT13: =H13-AQ13 -> -11 | AU13: 206.8 | AV13: 206 | AW13: =AU13-AV13 -> 0.8
B14: 10 | C14: A&T | D14: =SUMIFS(인력관리!$AO$6:$AO$265,인력관리!$E$6:$E$265,C14,인력관리!$D$6:$D$265,협력사등급별MM!$D$4) -> 30 | E14: =SUMIFS(인력관리!$AO$6:$AO$265,인력관리!$E$6:$E$265,$C14,인력관리!$D$6:$D$265,협력사등급별MM!$E$4) -> 52 | F14: =SUMIFS(인력관리!$AO$6:$AO$265,인력관리!$E$6:$E$265,$C14,인력관리!$D$6:$D$265,협력사등급별MM!$F$4) -> 26 | G14: =SUMIFS(인력관리!$AO$6:$AO$265,인력관리!$E$6:$E$265,$C14,인력관리!$D$6:$D$265,협력사등급별MM!$G$4) -> 0 | H14: =SUM(D14:G14) -> 108 | I14: =H14/$H$21 -> 0.061082518 | L14: A&T | M14: =SUMIFS(INDEX(인력관리!$K:$AN, , COLUMNS($K:K)), 인력관리!$E:$E, $L14) -> 4 | N14: =SUMIFS(INDEX(인력관리!$K:$AN, , COLUMNS($K:L)), 인력관리!$E:$E, $L14) -> 4 | O14: =SUMIFS(INDEX(인력관리!$K:$AN, , COLUMNS($K:M)), 인력관리!$E:$E, $L14) -> 5 | P14: =SUMIFS(INDEX(인력관리!$K:$AN, , COLUMNS($K:N)), 인력관리!$E:$E, $L14) -> 5 | Q14: =SUMIFS(INDEX(인력관리!$K:$AN, , COLUMNS($K:O)), 인력관리!$E:$E, $L14) -> 6 | R14: =SUMIFS(INDEX(인력관리!$K:$AN, , COLUMNS($K:P)), 인력관리!$E:$E, $L14) -> 5.05 | S14: =SUMIFS(INDEX(인력관리!$K:$AN, , COLUMNS($K:Q)), 인력관리!$E:$E, $L14) -> 7 | T14: =SUMIFS(INDEX(인력관리!$K:$AN, , COLUMNS($K:R)), 인력관리!$E:$E, $L14) -> 7 | U14: =SUMIFS(INDEX(인력관리!$K:$AN, , COLUMNS($K:S)), 인력관리!$E:$E, $L14) -> 9.5 | V14: =SUMIFS(INDEX(인력관리!$K:$AN, , COLUMNS($K:T)), 인력관리!$E:$E, $L14) -> 5.4 | W14: =SUMIFS(INDEX(인력관리!$K:$AN, , COLUMNS($K:U)), 인력관리!$E:$E, $L14) -> 10 | X14: =SUMIFS(INDEX(인력관리!$K:$AN, , COLUMNS($K:V)), 인력관리!$E:$E, $L14) -> 0 | Y14: =SUMIFS(INDEX(인력관리!$K:$AN, , COLUMNS($K:W)), 인력관리!$E:$E, $L14) -> 10 | Z14: =SUMIFS(INDEX(인력관리!$K:$AN, , COLUMNS($K:X)), 인력관리!$E:$E, $L14) -> 0 | AA14: =SUMIFS(INDEX(인력관리!$K:$AN, , COLUMNS($K:Y)), 인력관리!$E:$E, $L14) -> 10 | AB14: =SUMIFS(INDEX(인력관리!$K:$AN, , COLUMNS($K:Z)), 인력관리!$E:$E, $L14) -> 0 | AC14: =SUMIFS(INDEX(인력관리!$K:$AN, , COLUMNS($K:AA)), 인력관리!$E:$E, $L14) -> 10 | AD14: =SUMIFS(INDEX(인력관리!$K:$AN, , COLUMNS($K:AB)), 인력관리!$E:$E, $L14) -> 0 | AE14: =SUMIFS(INDEX(인력관리!$K:$AN, , COLUMNS($K:AC)), 인력관리!$E:$E, $L14) -> 9.5 | AF14: =SUMIFS(INDEX(인력관리!$K:$AN, , COLUMNS($K:AD)), 인력관리!$E:$E, $L14) -> 0 | AG14: =SUMIFS(INDEX(인력관리!$K:$AN, , COLUMNS($K:AE)), 인력관리!$E:$E, $L14) -> 7 | AH14: =SUMIFS(INDEX(인력관리!$K:$AN, , COLUMNS($K:AF)), 인력관리!$E:$E, $L14) -> 0 | AI14: =SUMIFS(INDEX(인력관리!$K:$AN, , COLUMNS($K:AG)), 인력관리!$E:$E, $L14) -> 6 | AJ14: =SUMIFS(INDEX(인력관리!$K:$AN, , COLUMNS($K:AH)), 인력관리!$E:$E, $L14) -> 0 | AK14: =SUMIFS(INDEX(인력관리!$K:$AN, , COLUMNS($K:AI)), 인력관리!$E:$E, $L14) -> 6 | AL14: =SUMIFS(INDEX(인력관리!$K:$AN, , COLUMNS($K:AJ)), 인력관리!$E:$E, $L14) -> 0 | AM14: =SUMIFS(INDEX(인력관리!$K:$AN, , COLUMNS($K:AK)), 인력관리!$E:$E, $L14) -> 4 | AN14: =SUMIFS(INDEX(인력관리!$K:$AN, , COLUMNS($K:AL)), 인력관리!$E:$E, $L14) -> 0 | AO14: =SUMIFS(INDEX(인력관리!$K:$AN, , COLUMNS($K:AM)), 인력관리!$E:$E, $L14) -> 4 | AP14: =SUMIFS(INDEX(인력관리!$K:$AN, , COLUMNS($K:AN)), 인력관리!$E:$E, $L14) -> 0 | AQ14: =M14+O14+Q14+S14+U14+W14+Y14+AA14+AC14+AE14+AG14+AI14+AK14+AM14+AO14 -> 108 | AR14: =N14+P14+R14+T14+V14+X14+Z14+AB14+AD14+AF14+AH14+AJ14+AL14+AN14+AP14 -> 26.45 | AS14: =AR14-AQ14 -> -81.55 | AT14: =H14-AQ14 -> 0 | AU14: 108 | AV14: 108 | AW14: =AU14-AV14 -> 0
B15: 11 | C15: 오브젠 | D15: =SUMIFS(인력관리!$AO$6:$AO$265,인력관리!$E$6:$E$265,C15,인력관리!$D$6:$D$265,협력사등급별MM!$D$4) -> 26 | E15: =SUMIFS(인력관리!$AO$6:$AO$265,인력관리!$E$6:$E$265,$C15,인력관리!$D$6:$D$265,협력사등급별MM!$E$4) -> 46 | F15: =SUMIFS(인력관리!$AO$6:$AO$265,인력관리!$E$6:$E$265,$C15,인력관리!$D$6:$D$265,협력사등급별MM!$F$4) -> 0 | G15: =SUMIFS(인력관리!$AO$6:$AO$265,인력관리!$E$6:$E$265,$C15,인력관리!$D$6:$D$265,협력사등급별MM!$G$4) -> 8 | H15: =SUM(D15:G15) -> 80 | I15: =H15/$H$21 -> 0.04524631 | L15: 오브젠 | M15: =SUMIFS(INDEX(인력관리!$K:$AN, , COLUMNS($K:K)), 인력관리!$E:$E, $L15) -> 0 | N15: =SUMIFS(INDEX(인력관리!$K:$AN, , COLUMNS($K:L)), 인력관리!$E:$E, $L15) -> 0 | O15: =SUMIFS(INDEX(인력관리!$K:$AN, , COLUMNS($K:M)), 인력관리!$E:$E, $L15) -> 0.4 | P15: =SUMIFS(INDEX(인력관리!$K:$AN, , COLUMNS($K:N)), 인력관리!$E:$E, $L15) -> 0.4 | Q15: =SUMIFS(INDEX(인력관리!$K:$AN, , COLUMNS($K:O)), 인력관리!$E:$E, $L15) -> 0.4 | R15: =SUMIFS(INDEX(인력관리!$K:$AN, , COLUMNS($K:P)), 인력관리!$E:$E, $L15) -> 0.4 | S15: =SUMIFS(INDEX(인력관리!$K:$AN, , COLUMNS($K:Q)), 인력관리!$E:$E, $L15) -> 0.4 | T15: =SUMIFS(INDEX(인력관리!$K:$AN, , COLUMNS($K:R)), 인력관리!$E:$E, $L15) -> 0.4 | U15: =SUMIFS(INDEX(인력관리!$K:$AN, , COLUMNS($K:S)), 인력관리!$E:$E, $L15) -> 0.4 | V15: =SUMIFS(INDEX(인력관리!$K:$AN, , COLUMNS($K:T)), 인력관리!$E:$E, $L15) -> 0 | W15: =SUMIFS(INDEX(인력관리!$K:$AN, , COLUMNS($K:U)), 인력관리!$E:$E, $L15) -> 0.4 | X15: =SUMIFS(INDEX(인력관리!$K:$AN, , COLUMNS($K:V)), 인력관리!$E:$E, $L15) -> 0 | Y15: =SUMIFS(INDEX(인력관리!$K:$AN, , COLUMNS($K:W)), 인력관리!$E:$E, $L15) -> 6 | Z15: =SUMIFS(INDEX(인력관리!$K:$AN, , COLUMNS($K:X)), 인력관리!$E:$E, $L15) -> 0 | AA15: =SUMIFS(INDEX(인력관리!$K:$AN, , COLUMNS($K:Y)), 인력관리!$E:$E, $L15) -> 11 | AB15: =SUMIFS(INDEX(인력관리!$K:$AN, , COLUMNS($K:Z)), 인력관리!$E:$E, $L15) -> 0 | AC15: =SUMIFS(INDEX(인력관리!$K:$AN, , COLUMNS($K:AA)), 인력관리!$E:$E, $L15) -> 11 | AD15: =SUMIFS(INDEX(인력관리!$K:$AN, , COLUMNS($K:AB)), 인력관리!$E:$E, $L15) -> 0 | AE15: =SUMIFS(INDEX(인력관리!$K:$AN, , COLUMNS($K:AC)), 인력관리!$E:$E, $L15) -> 10 | AF15: =SUMIFS(INDEX(인력관리!$K:$AN, , COLUMNS($K:AD)), 인력관리!$E:$E, $L15) -> 0 | AG15: =SUMIFS(INDEX(인력관리!$K:$AN, , COLUMNS($K:AE)), 인력관리!$E:$E, $L15) -> 10 | AH15: =SUMIFS(INDEX(인력관리!$K:$AN, , COLUMNS($K:AF)), 인력관리!$E:$E, $L15) -> 0 | AI15: =SUMIFS(INDEX(인력관리!$K:$AN, , COLUMNS($K:AG)), 인력관리!$E:$E, $L15) -> 10 | AJ15: =SUMIFS(INDEX(인력관리!$K:$AN, , COLUMNS($K:AH)), 인력관리!$E:$E, $L15) -> 0 | AK15: =SUMIFS(INDEX(인력관리!$K:$AN, , COLUMNS($K:AI)), 인력관리!$E:$E, $L15) -> 10 | AL15: =SUMIFS(INDEX(인력관리!$K:$AN, , COLUMNS($K:AJ)), 인력관리!$E:$E, $L15) -> 0 | AM15: =SUMIFS(INDEX(인력관리!$K:$AN, , COLUMNS($K:AK)), 인력관리!$E:$E, $L15) -> 10 | AN15: =SUMIFS(INDEX(인력관리!$K:$AN, , COLUMNS($K:AL)), 인력관리!$E:$E, $L15) -> 0 | AO15: =SUMIFS(INDEX(인력관리!$K:$AN, , COLUMNS($K:AM)), 인력관리!$E:$E, $L15) -> 0 | AP15: =SUMIFS(INDEX(인력관리!$K:$AN, , COLUMNS($K:AN)), 인력관리!$E:$E, $L15) -> 0 | AQ15: =M15+O15+Q15+S15+U15+W15+Y15+AA15+AC15+AE15+AG15+AI15+AK15+AM15+AO15 -> 80 | AR15: =N15+P15+R15+T15+V15+X15+Z15+AB15+AD15+AF15+AH15+AJ15+AL15+AN15+AP15 -> 1.2 | AS15: =AR15-AQ15 -> -78.8 | AT15: =H15-AQ15 -> 0 | AU15: 80 | AV15: 80 | AW15: =AU15-AV15 -> 0
B16: 12 | C16: 골든플래닛 | D16: =SUMIFS(인력관리!$AO$6:$AO$265,인력관리!$E$6:$E$265,C16,인력관리!$D$6:$D$265,협력사등급별MM!$D$4) -> 0 | E16: =SUMIFS(인력관리!$AO$6:$AO$265,인력관리!$E$6:$E$265,$C16,인력관리!$D$6:$D$265,협력사등급별MM!$E$4) -> 0 | F16: =SUMIFS(인력관리!$AO$6:$AO$265,인력관리!$E$6:$E$265,$C16,인력관리!$D$6:$D$265,협력사등급별MM!$F$4) -> 6.3 | G16: =SUMIFS(인력관리!$AO$6:$AO$265,인력관리!$E$6:$E$265,$C16,인력관리!$D$6:$D$265,협력사등급별MM!$G$4) -> 0 | H16: =SUM(D16:G16) -> 6.3 | I16: =H16/$H$21 -> 0.0035631469 | L16: 골든플래닛 | M16: =SUMIFS(INDEX(인력관리!$K:$AN, , COLUMNS($K:K)), 인력관리!$E:$E, $L16) -> 0 | N16: =SUMIFS(INDEX(인력관리!$K:$AN, , COLUMNS($K:L)), 인력관리!$E:$E, $L16) -> 0 | O16: =SUMIFS(INDEX(인력관리!$K:$AN, , COLUMNS($K:M)), 인력관리!$E:$E, $L16) -> 0 | P16: =SUMIFS(INDEX(인력관리!$K:$AN, , COLUMNS($K:N)), 인력관리!$E:$E, $L16) -> 0 | Q16: =SUMIFS(INDEX(인력관리!$K:$AN, , COLUMNS($K:O)), 인력관리!$E:$E, $L16) -> 0 | R16: =SUMIFS(INDEX(인력관리!$K:$AN, , COLUMNS($K:P)), 인력관리!$E:$E, $L16) -> 0 | S16: =SUMIFS(INDEX(인력관리!$K:$AN, , COLUMNS($K:Q)), 인력관리!$E:$E, $L16) -> 0 | T16: =SUMIFS(INDEX(인력관리!$K:$AN, , COLUMNS($K:R)), 인력관리!$E:$E, $L16) -> 0 | U16: =SUMIFS(INDEX(인력관리!$K:$AN, , COLUMNS($K:S)), 인력관리!$E:$E, $L16) -> 0 | V16: =SUMIFS(INDEX(인력관리!$K:$AN, , COLUMNS($K:T)), 인력관리!$E:$E, $L16) -> 0 | W16: =SUMIFS(INDEX(인력관리!$K:$AN, , COLUMNS($K:U)), 인력관리!$E:$E, $L16) -> 1 | X16: =SUMIFS(INDEX(인력관리!$K:$AN, , COLUMNS($K:V)), 인력관리!$E:$E, $L16) -> 0 | Y16: =SUMIFS(INDEX(인력관리!$K:$AN, , COLUMNS($K:W)), 인력관리!$E:$E, $L16) -> 1 | Z16: =SUMIFS(INDEX(인력관리!$K:$AN, , COLUMNS($K:X)), 인력관리!$E:$E, $L16) -> 0 | AA16: =SUMIFS(INDEX(인력관리!$K:$AN, , COLUMNS($K:Y)), 인력관리!$E:$E, $L16) -> 1 | AB16: =SUMIFS(INDEX(인력관리!$K:$AN, , COLUMNS($K:Z)), 인력관리!$E:$E, $L16) -> 0 | AC16: =SUMIFS(INDEX(인력관리!$K:$AN, , COLUMNS($K:AA)), 인력관리!$E:$E, $L16) -> 1 | AD16: =SUMIFS(INDEX(인력관리!$K:$AN, , COLUMNS($K:AB)), 인력관리!$E:$E, $L16) -> 0 | AE16: =SUMIFS(INDEX(인력관리!$K:$AN, , COLUMNS($K:AC)), 인력관리!$E:$E, $L16) -> 1 | AF16: =SUMIFS(INDEX(인력관리!$K:$AN, , COLUMNS($K:AD)), 인력관리!$E:$E, $L16) -> 0 | AG16: =SUMIFS(INDEX(인력관리!$K:$AN, , COLUMNS($K:AE)), 인력관리!$E:$E, $L16) -> 1 | AH16: =SUMIFS(INDEX(인력관리!$K:$AN, , COLUMNS($K:AF)), 인력관리!$E:$E, $L16) -> 0 | AI16: =SUMIFS(INDEX(인력관리!$K:$AN, , COLUMNS($K:AG)), 인력관리!$E:$E, $L16) -> 0.3 | AJ16: =SUMIFS(INDEX(인력관리!$K:$AN, , COLUMNS($K:AH)), 인력관리!$E:$E, $L16) -> 0 | AK16: =SUMIFS(INDEX(인력관리!$K:$AN, , COLUMNS($K:AI)), 인력관리!$E:$E, $L16) -> 0 | AL16: =SUMIFS(INDEX(인력관리!$K:$AN, , COLUMNS($K:AJ)), 인력관리!$E:$E, $L16) -> 0 | AM16: =SUMIFS(INDEX(인력관리!$K:$AN, , COLUMNS($K:AK)), 인력관리!$E:$E, $L16) -> 0 | AN16: =SUMIFS(INDEX(인력관리!$K:$AN, , COLUMNS($K:AL)), 인력관리!$E:$E, $L16) -> 0 | AO16: =SUMIFS(INDEX(인력관리!$K:$AN, , COLUMNS($K:AM)), 인력관리!$E:$E, $L16) -> 0 | AP16: =SUMIFS(INDEX(인력관리!$K:$AN, , COLUMNS($K:AN)), 인력관리!$E:$E, $L16) -> 0 | AQ16: =M16+O16+Q16+S16+U16+W16+Y16+AA16+AC16+AE16+AG16+AI16+AK16+AM16+AO16 -> 6.3 | AR16: =N16+P16+R16+T16+V16+X16+Z16+AB16+AD16+AF16+AH16+AJ16+AL16+AN16+AP16 -> 0 | AS16: =AR16-AQ16 -> -6.3 | AT16: =H16-AQ16 -> 0 | AU16: 6.3 | AV16: 6.3 | AW16: =AU16-AV16 -> 0
B17: 13 | C17: 라드씨엔에스 | D17: =SUMIFS(인력관리!$AO$6:$AO$265,인력관리!$E$6:$E$265,C17,인력관리!$D$6:$D$265,협력사등급별MM!$D$4) -> 0 | E17: =SUMIFS(인력관리!$AO$6:$AO$265,인력관리!$E$6:$E$265,$C17,인력관리!$D$6:$D$265,협력사등급별MM!$E$4) -> 7.4 | F17: =SUMIFS(인력관리!$AO$6:$AO$265,인력관리!$E$6:$E$265,$C17,인력관리!$D$6:$D$265,협력사등급별MM!$F$4) -> 3 | G17: =SUMIFS(인력관리!$AO$6:$AO$265,인력관리!$E$6:$E$265,$C17,인력관리!$D$6:$D$265,협력사등급별MM!$G$4) -> 0 | H17: =SUM(D17:G17) -> 10.4 | I17: =H17/$H$21 -> 0.0058820202 | L17: 라드씨엔에스 | M17: =SUMIFS(INDEX(인력관리!$K:$AN, , COLUMNS($K:K)), 인력관리!$E:$E, $L17) -> 0 | N17: =SUMIFS(INDEX(인력관리!$K:$AN, , COLUMNS($K:L)), 인력관리!$E:$E, $L17) -> 0 | O17: =SUMIFS(INDEX(인력관리!$K:$AN, , COLUMNS($K:M)), 인력관리!$E:$E, $L17) -> 0 | P17: =SUMIFS(INDEX(인력관리!$K:$AN, , COLUMNS($K:N)), 인력관리!$E:$E, $L17) -> 0 | Q17: =SUMIFS(INDEX(인력관리!$K:$AN, , COLUMNS($K:O)), 인력관리!$E:$E, $L17) -> 0.5 | R17: =SUMIFS(INDEX(인력관리!$K:$AN, , COLUMNS($K:P)), 인력관리!$E:$E, $L17) -> 0.25 | S17: =SUMIFS(INDEX(인력관리!$K:$AN, , COLUMNS($K:Q)), 인력관리!$E:$E, $L17) -> 2.5 | T17: =SUMIFS(INDEX(인력관리!$K:$AN, , COLUMNS($K:R)), 인력관리!$E:$E, $L17) -> 2.5 | U17: =SUMIFS(INDEX(인력관리!$K:$AN, , COLUMNS($K:S)), 인력관리!$E:$E, $L17) -> 2 | V17: =SUMIFS(INDEX(인력관리!$K:$AN, , COLUMNS($K:T)), 인력관리!$E:$E, $L17) -> 1.2 | W17: =SUMIFS(INDEX(인력관리!$K:$AN, , COLUMNS($K:U)), 인력관리!$E:$E, $L17) -> 2 | X17: =SUMIFS(INDEX(인력관리!$K:$AN, , COLUMNS($K:V)), 인력관리!$E:$E, $L17) -> 0 | Y17: =SUMIFS(INDEX(인력관리!$K:$AN, , COLUMNS($K:W)), 인력관리!$E:$E, $L17) -> 2 | Z17: =SUMIFS(INDEX(인력관리!$K:$AN, , COLUMNS($K:X)), 인력관리!$E:$E, $L17) -> 0 | AA17: =SUMIFS(INDEX(인력관리!$K:$AN, , COLUMNS($K:Y)), 인력관리!$E:$E, $L17) -> 0.2 | AB17: =SUMIFS(INDEX(인력관리!$K:$AN, , COLUMNS($K:Z)), 인력관리!$E:$E, $L17) -> 0 | AC17: =SUMIFS(INDEX(인력관리!$K:$AN, , COLUMNS($K:AA)), 인력관리!$E:$E, $L17) -> 0.2 | AD17: =SUMIFS(INDEX(인력관리!$K:$AN, , COLUMNS($K:AB)), 인력관리!$E:$E, $L17) -> 0 | AE17: =SUMIFS(INDEX(인력관리!$K:$AN, , COLUMNS($K:AC)), 인력관리!$E:$E, $L17) -> 0.2 | AF17: =SUMIFS(INDEX(인력관리!$K:$AN, , COLUMNS($K:AD)), 인력관리!$E:$E, $L17) -> 0 | AG17: =SUMIFS(INDEX(인력관리!$K:$AN, , COLUMNS($K:AE)), 인력관리!$E:$E, $L17) -> 0.2 | AH17: =SUMIFS(INDEX(인력관리!$K:$AN, , COLUMNS($K:AF)), 인력관리!$E:$E, $L17) -> 0 | AI17: =SUMIFS(INDEX(인력관리!$K:$AN, , COLUMNS($K:AG)), 인력관리!$E:$E, $L17) -> 0.2 | AJ17: =SUMIFS(INDEX(인력관리!$K:$AN, , COLUMNS($K:AH)), 인력관리!$E:$E, $L17) -> 0 | AK17: =SUMIFS(INDEX(인력관리!$K:$AN, , COLUMNS($K:AI)), 인력관리!$E:$E, $L17) -> 0.2 | AL17: =SUMIFS(INDEX(인력관리!$K:$AN, , COLUMNS($K:AJ)), 인력관리!$E:$E, $L17) -> 0 | AM17: =SUMIFS(INDEX(인력관리!$K:$AN, , COLUMNS($K:AK)), 인력관리!$E:$E, $L17) -> 0.2 | AN17: =SUMIFS(INDEX(인력관리!$K:$AN, , COLUMNS($K:AL)), 인력관리!$E:$E, $L17) -> 0 | AO17: =SUMIFS(INDEX(인력관리!$K:$AN, , COLUMNS($K:AM)), 인력관리!$E:$E, $L17) -> 0 | AP17: =SUMIFS(INDEX(인력관리!$K:$AN, , COLUMNS($K:AN)), 인력관리!$E:$E, $L17) -> 0 | AQ17: =M17+O17+Q17+S17+U17+W17+Y17+AA17+AC17+AE17+AG17+AI17+AK17+AM17+AO17 -> 10.4 | AR17: =N17+P17+R17+T17+V17+X17+Z17+AB17+AD17+AF17+AH17+AJ17+AL17+AN17+AP17 -> 3.95 | AS17: =AR17-AQ17 -> -6.45 | AT17: =H17-AQ17 -> 0 | AU17: 10.4 | AV17: 10.4 | AW17: =AU17-AV17 -> 0
B18: 14 | C18: 플레이투게더 | D18: =SUMIFS(인력관리!$AO$6:$AO$265,인력관리!$E$6:$E$265,C18,인력관리!$D$6:$D$265,협력사등급별MM!$D$4) -> 0 | E18: =SUMIFS(인력관리!$AO$6:$AO$265,인력관리!$E$6:$E$265,$C18,인력관리!$D$6:$D$265,협력사등급별MM!$E$4) -> 67.6 | F18: =SUMIFS(인력관리!$AO$6:$AO$265,인력관리!$E$6:$E$265,$C18,인력관리!$D$6:$D$265,협력사등급별MM!$F$4) -> 19.5 | G18: =SUMIFS(인력관리!$AO$6:$AO$265,인력관리!$E$6:$E$265,$C18,인력관리!$D$6:$D$265,협력사등급별MM!$G$4) -> 8.5 | H18: =SUM(D18:G18) -> 95.6 | I18: =H18/$H$21 -> 0.05406934 | L18: 플레이투게더 | M18: =SUMIFS(INDEX(인력관리!$K:$AN, , COLUMNS($K:K)), 인력관리!$E:$E, $L18) -> 1 | N18: =SUMIFS(INDEX(인력관리!$K:$AN, , COLUMNS($K:L)), 인력관리!$E:$E, $L18) -> 1 | O18: =SUMIFS(INDEX(인력관리!$K:$AN, , COLUMNS($K:M)), 인력관리!$E:$E, $L18) -> 4 | P18: =SUMIFS(INDEX(인력관리!$K:$AN, , COLUMNS($K:N)), 인력관리!$E:$E, $L18) -> 4 | Q18: =SUMIFS(INDEX(인력관리!$K:$AN, , COLUMNS($K:O)), 인력관리!$E:$E, $L18) -> 5.8 | R18: =SUMIFS(INDEX(인력관리!$K:$AN, , COLUMNS($K:P)), 인력관리!$E:$E, $L18) -> 5.8 | S18: =SUMIFS(INDEX(인력관리!$K:$AN, , COLUMNS($K:Q)), 인력관리!$E:$E, $L18) -> 6.3 | T18: =SUMIFS(INDEX(인력관리!$K:$AN, , COLUMNS($K:R)), 인력관리!$E:$E, $L18) -> 8.5 | U18: =SUMIFS(INDEX(인력관리!$K:$AN, , COLUMNS($K:S)), 인력관리!$E:$E, $L18) -> 6.5 | V18: =SUMIFS(INDEX(인력관리!$K:$AN, , COLUMNS($K:T)), 인력관리!$E:$E, $L18) -> 4.5 | W18: =SUMIFS(INDEX(인력관리!$K:$AN, , COLUMNS($K:U)), 인력관리!$E:$E, $L18) -> 6.5 | X18: =SUMIFS(INDEX(인력관리!$K:$AN, , COLUMNS($K:V)), 인력관리!$E:$E, $L18) -> 0 | Y18: =SUMIFS(INDEX(인력관리!$K:$AN, , COLUMNS($K:W)), 인력관리!$E:$E, $L18) -> 8 | Z18: =SUMIFS(INDEX(인력관리!$K:$AN, , COLUMNS($K:X)), 인력관리!$E:$E, $L18) -> 0 | AA18: =SUMIFS(INDEX(인력관리!$K:$AN, , COLUMNS($K:Y)), 인력관리!$E:$E, $L18) -> 8 | AB18: =SUMIFS(INDEX(인력관리!$K:$AN, , COLUMNS($K:Z)), 인력관리!$E:$E, $L18) -> 0 | AC18: =SUMIFS(INDEX(인력관리!$K:$AN, , COLUMNS($K:AA)), 인력관리!$E:$E, $L18) -> 9 | AD18: =SUMIFS(INDEX(인력관리!$K:$AN, , COLUMNS($K:AB)), 인력관리!$E:$E, $L18) -> 0 | AE18: =SUMIFS(INDEX(인력관리!$K:$AN, , COLUMNS($K:AC)), 인력관리!$E:$E, $L18) -> 9 | AF18: =SUMIFS(INDEX(인력관리!$K:$AN, , COLUMNS($K:AD)), 인력관리!$E:$E, $L18) -> 0 | AG18: =SUMIFS(INDEX(인력관리!$K:$AN, , COLUMNS($K:AE)), 인력관리!$E:$E, $L18) -> 9 | AH18: =SUMIFS(INDEX(인력관리!$K:$AN, , COLUMNS($K:AF)), 인력관리!$E:$E, $L18) -> 0 | AI18: =SUMIFS(INDEX(인력관리!$K:$AN, , COLUMNS($K:AG)), 인력관리!$E:$E, $L18) -> 9 | AJ18: =SUMIFS(INDEX(인력관리!$K:$AN, , COLUMNS($K:AH)), 인력관리!$E:$E, $L18) -> 0 | AK18: =SUMIFS(INDEX(인력관리!$K:$AN, , COLUMNS($K:AI)), 인력관리!$E:$E, $L18) -> 7 | AL18: =SUMIFS(INDEX(인력관리!$K:$AN, , COLUMNS($K:AJ)), 인력관리!$E:$E, $L18) -> 0 | AM18: =SUMIFS(INDEX(인력관리!$K:$AN, , COLUMNS($K:AK)), 인력관리!$E:$E, $L18) -> 6.5 | AN18: =SUMIFS(INDEX(인력관리!$K:$AN, , COLUMNS($K:AL)), 인력관리!$E:$E, $L18) -> 0 | AO18: =SUMIFS(INDEX(인력관리!$K:$AN, , COLUMNS($K:AM)), 인력관리!$E:$E, $L18) -> 0 | AP18: =SUMIFS(INDEX(인력관리!$K:$AN, , COLUMNS($K:AN)), 인력관리!$E:$E, $L18) -> 0 | AQ18: =M18+O18+Q18+S18+U18+W18+Y18+AA18+AC18+AE18+AG18+AI18+AK18+AM18+AO18 -> 95.6 | AR18: =N18+P18+R18+T18+V18+X18+Z18+AB18+AD18+AF18+AH18+AJ18+AL18+AN18+AP18 -> 23.8 | AS18: =AR18-AQ18 -> -71.8 | AT18: =H18-AQ18 -> 0 | AU18: 95.6 | AV18: 96 | AW18: =AU18-AV18 -> -0.4
B19: 15 | C19: 이노다임 | D19: =SUMIFS(인력관리!$AO$6:$AO$265,인력관리!$E$6:$E$265,C19,인력관리!$D$6:$D$265,협력사등급별MM!$D$4) -> 24.95 | E19: =SUMIFS(인력관리!$AO$6:$AO$265,인력관리!$E$6:$E$265,$C19,인력관리!$D$6:$D$265,협력사등급별MM!$E$4) -> 0 | F19: =SUMIFS(인력관리!$AO$6:$AO$265,인력관리!$E$6:$E$265,$C19,인력관리!$D$6:$D$265,협력사등급별MM!$F$4) -> 0 | G19: =SUMIFS(인력관리!$AO$6:$AO$265,인력관리!$E$6:$E$265,$C19,인력관리!$D$6:$D$265,협력사등급별MM!$G$4) -> 0 | H19: =SUM(D19:G19) -> 24.95 | I19: =H19/$H$21 -> 0.014111193 | L19: 이노다임 | M19: =SUMIFS(INDEX(인력관리!$K:$AN, , COLUMNS($K:K)), 인력관리!$E:$E, $L19) -> 0 | N19: =SUMIFS(INDEX(인력관리!$K:$AN, , COLUMNS($K:L)), 인력관리!$E:$E, $L19) -> 0 | O19: =SUMIFS(INDEX(인력관리!$K:$AN, , COLUMNS($K:M)), 인력관리!$E:$E, $L19) -> 0 | P19: =SUMIFS(INDEX(인력관리!$K:$AN, , COLUMNS($K:N)), 인력관리!$E:$E, $L19) -> 0 | Q19: =SUMIFS(INDEX(인력관리!$K:$AN, , COLUMNS($K:O)), 인력관리!$E:$E, $L19) -> 0 | R19: =SUMIFS(INDEX(인력관리!$K:$AN, , COLUMNS($K:P)), 인력관리!$E:$E, $L19) -> 0 | S19: =SUMIFS(INDEX(인력관리!$K:$AN, , COLUMNS($K:Q)), 인력관리!$E:$E, $L19) -> 0 | T19: =SUMIFS(INDEX(인력관리!$K:$AN, , COLUMNS($K:R)), 인력관리!$E:$E, $L19) -> 0 | U19: =SUMIFS(INDEX(인력관리!$K:$AN, , COLUMNS($K:S)), 인력관리!$E:$E, $L19) -> 3.75 | V19: =SUMIFS(INDEX(인력관리!$K:$AN, , COLUMNS($K:T)), 인력관리!$E:$E, $L19) -> 2.25 | W19: =SUMIFS(INDEX(인력관리!$K:$AN, , COLUMNS($K:U)), 인력관리!$E:$E, $L19) -> 4 | X19: =SUMIFS(INDEX(인력관리!$K:$AN, , COLUMNS($K:V)), 인력관리!$E:$E, $L19) -> 0 | Y19: =SUMIFS(INDEX(인력관리!$K:$AN, , COLUMNS($K:W)), 인력관리!$E:$E, $L19) -> 4 | Z19: =SUMIFS(INDEX(인력관리!$K:$AN, , COLUMNS($K:X)), 인력관리!$E:$E, $L19) -> 0 | AA19: =SUMIFS(INDEX(인력관리!$K:$AN, , COLUMNS($K:Y)), 인력관리!$E:$E, $L19) -> 4 | AB19: =SUMIFS(INDEX(인력관리!$K:$AN, , COLUMNS($K:Z)), 인력관리!$E:$E, $L19) -> 0 | AC19: =SUMIFS(INDEX(인력관리!$K:$AN, , COLUMNS($K:AA)), 인력관리!$E:$E, $L19) -> 4 | AD19: =SUMIFS(INDEX(인력관리!$K:$AN, , COLUMNS($K:AB)), 인력관리!$E:$E, $L19) -> 0 | AE19: =SUMIFS(INDEX(인력관리!$K:$AN, , COLUMNS($K:AC)), 인력관리!$E:$E, $L19) -> 4 | AF19: =SUMIFS(INDEX(인력관리!$K:$AN, , COLUMNS($K:AD)), 인력관리!$E:$E, $L19) -> 0 | AG19: =SUMIFS(INDEX(인력관리!$K:$AN, , COLUMNS($K:AE)), 인력관리!$E:$E, $L19) -> 1.2 | AH19: =SUMIFS(INDEX(인력관리!$K:$AN, , COLUMNS($K:AF)), 인력관리!$E:$E, $L19) -> 0 | AI19: =SUMIFS(INDEX(인력관리!$K:$AN, , COLUMNS($K:AG)), 인력관리!$E:$E, $L19) -> 0 | AJ19: =SUMIFS(INDEX(인력관리!$K:$AN, , COLUMNS($K:AH)), 인력관리!$E:$E, $L19) -> 0 | AK19: =SUMIFS(INDEX(인력관리!$K:$AN, , COLUMNS($K:AI)), 인력관리!$E:$E, $L19) -> 0 | AL19: =SUMIFS(INDEX(인력관리!$K:$AN, , COLUMNS($K:AJ)), 인력관리!$E:$E, $L19) -> 0 | AM19: =SUMIFS(INDEX(인력관리!$K:$AN, , COLUMNS($K:AK)), 인력관리!$E:$E, $L19) -> 0 | AN19: =SUMIFS(INDEX(인력관리!$K:$AN, , COLUMNS($K:AL)), 인력관리!$E:$E, $L19) -> 0 | AO19: =SUMIFS(INDEX(인력관리!$K:$AN, , COLUMNS($K:AM)), 인력관리!$E:$E, $L19) -> 0 | AP19: =SUMIFS(INDEX(인력관리!$K:$AN, , COLUMNS($K:AN)), 인력관리!$E:$E, $L19) -> 0 | AQ19: =M19+O19+Q19+S19+U19+W19+Y19+AA19+AC19+AE19+AG19+AI19+AK19+AM19+AO19 -> 24.95 | AR19: =N19+P19+R19+T19+V19+X19+Z19+AB19+AD19+AF19+AH19+AJ19+AL19+AN19+AP19 -> 2.25 | AS19: =AR19-AQ19 -> -22.7 | AT19: =H19-AQ19 -> 0 | AU19: 24.95 | AW19: =AU19-AV19 -> 24.95
B20: 16 | C20: 컨넥티드 | D20: =SUMIFS(인력관리!$AO$6:$AO$265,인력관리!$E$6:$E$265,C20,인력관리!$D$6:$D$265,협력사등급별MM!$D$4) -> 0 | E20: =SUMIFS(인력관리!$AO$6:$AO$265,인력관리!$E$6:$E$265,$C20,인력관리!$D$6:$D$265,협력사등급별MM!$E$4) -> 0 | F20: =SUMIFS(인력관리!$AO$6:$AO$265,인력관리!$E$6:$E$265,$C20,인력관리!$D$6:$D$265,협력사등급별MM!$F$4) -> 0 | G20: =SUMIFS(인력관리!$AO$6:$AO$265,인력관리!$E$6:$E$265,$C20,인력관리!$D$6:$D$265,협력사등급별MM!$G$4) -> 0 | H20: =SUM(D20:G20) -> 0 | I20: =H20/$H$21 -> 0 | L20: 컨넥티드 | M20: =SUMIFS(INDEX(인력관리!$K:$AN, , COLUMNS($K:K)), 인력관리!$E:$E, $L20) -> 0 | N20: =SUMIFS(INDEX(인력관리!$K:$AN, , COLUMNS($K:L)), 인력관리!$E:$E, $L20) -> 0 | O20: =SUMIFS(INDEX(인력관리!$K:$AN, , COLUMNS($K:M)), 인력관리!$E:$E, $L20) -> 0 | P20: =SUMIFS(INDEX(인력관리!$K:$AN, , COLUMNS($K:N)), 인력관리!$E:$E, $L20) -> 0 | Q20: =SUMIFS(INDEX(인력관리!$K:$AN, , COLUMNS($K:O)), 인력관리!$E:$E, $L20) -> 0 | R20: =SUMIFS(INDEX(인력관리!$K:$AN, , COLUMNS($K:P)), 인력관리!$E:$E, $L20) -> 0 | S20: =SUMIFS(INDEX(인력관리!$K:$AN, , COLUMNS($K:Q)), 인력관리!$E:$E, $L20) -> 0 | T20: =SUMIFS(INDEX(인력관리!$K:$AN, , COLUMNS($K:R)), 인력관리!$E:$E, $L20) -> 0 | U20: =SUMIFS(INDEX(인력관리!$K:$AN, , COLUMNS($K:S)), 인력관리!$E:$E, $L20) -> 0 | V20: =SUMIFS(INDEX(인력관리!$K:$AN, , COLUMNS($K:T)), 인력관리!$E:$E, $L20) -> 0.6 | W20: =SUMIFS(INDEX(인력관리!$K:$AN, , COLUMNS($K:U)), 인력관리!$E:$E, $L20) -> 0 | X20: =SUMIFS(INDEX(인력관리!$K:$AN, , COLUMNS($K:V)), 인력관리!$E:$E, $L20) -> 0 | Y20: =SUMIFS(INDEX(인력관리!$K:$AN, , COLUMNS($K:W)), 인력관리!$E:$E, $L20) -> 0 | Z20: =SUMIFS(INDEX(인력관리!$K:$AN, , COLUMNS($K:X)), 인력관리!$E:$E, $L20) -> 0 | AA20: =SUMIFS(INDEX(인력관리!$K:$AN, , COLUMNS($K:Y)), 인력관리!$E:$E, $L20) -> 0 | AB20: =SUMIFS(INDEX(인력관리!$K:$AN, , COLUMNS($K:Z)), 인력관리!$E:$E, $L20) -> 0 | AC20: =SUMIFS(INDEX(인력관리!$K:$AN, , COLUMNS($K:AA)), 인력관리!$E:$E, $L20) -> 0 | AD20: =SUMIFS(INDEX(인력관리!$K:$AN, , COLUMNS($K:AB)), 인력관리!$E:$E, $L20) -> 0 | AE20: =SUMIFS(INDEX(인력관리!$K:$AN, , COLUMNS($K:AC)), 인력관리!$E:$E, $L20) -> 0 | AF20: =SUMIFS(INDEX(인력관리!$K:$AN, , COLUMNS($K:AD)), 인력관리!$E:$E, $L20) -> 0 | AG20: =SUMIFS(INDEX(인력관리!$K:$AN, , COLUMNS($K:AE)), 인력관리!$E:$E, $L20) -> 0 | AH20: =SUMIFS(INDEX(인력관리!$K:$AN, , COLUMNS($K:AF)), 인력관리!$E:$E, $L20) -> 0 | AI20: =SUMIFS(INDEX(인력관리!$K:$AN, , COLUMNS($K:AG)), 인력관리!$E:$E, $L20) -> 0 | AJ20: =SUMIFS(INDEX(인력관리!$K:$AN, , COLUMNS($K:AH)), 인력관리!$E:$E, $L20) -> 0 | AK20: =SUMIFS(INDEX(인력관리!$K:$AN, , COLUMNS($K:AI)), 인력관리!$E:$E, $L20) -> 0 | AL20: =SUMIFS(INDEX(인력관리!$K:$AN, , COLUMNS($K:AJ)), 인력관리!$E:$E, $L20) -> 0 | AM20: =SUMIFS(INDEX(인력관리!$K:$AN, , COLUMNS($K:AK)), 인력관리!$E:$E, $L20) -> 0 | AN20: =SUMIFS(INDEX(인력관리!$K:$AN, , COLUMNS($K:AL)), 인력관리!$E:$E, $L20) -> 0 | AO20: =SUMIFS(INDEX(인력관리!$K:$AN, , COLUMNS($K:AM)), 인력관리!$E:$E, $L20) -> 0 | AP20: =SUMIFS(INDEX(인력관리!$K:$AN, , COLUMNS($K:AN)), 인력관리!$E:$E, $L20) -> 0 | AQ20: =M20+O20+Q20+S20+U20+W20+Y20+AA20+AC20+AE20+AG20+AI20+AK20+AM20+AO20 -> 0 | AR20: =N20+P20+R20+T20+V20+X20+Z20+AB20+AD20+AF20+AH20+AJ20+AL20+AN20+AP20 -> 0.6 | AS20: =AR20-AQ20 -> 0.6 | AU20: 9
B21: 총계 | D21: =SUM(D5:D20) -> 444.8 | E21: =SUM(E5:E20) -> 603.95 | F21: =SUM(F5:F20) -> 392.35 | G21: =SUM(G5:G20) -> 327 | H21: =SUM(H5:H20) -> 1768.1 | L21: 총계 | M21: =SUM(M4:M20) -> 48.75 | N21: =SUM(N4:N20) -> 54.25 | O21: =SUM(O4:O20) -> 69.25 | P21: =SUM(P4:P20) -> 74.2 | Q21: =SUM(Q4:Q20) -> 87.05 | R21: =SUM(R4:R20) -> 100.4 | S21: =SUM(S4:S20) -> 98.35 | T21: =SUM(T4:T20) -> 120.24 | ... AS21: =SUM(AS4:AS20) -> -1340.46 | AT21: =H21-AQ21 -> -11 | AU21: 1777.1 | AV21: =SUM(AV5:AV18) -> 1777.1 | AW21: =AU21-AV21 -> 0
AQ22: =H21-AQ21 -> -11 | AV22: =1777.1+5 -> 1782.1
L23: (자연인)
L24: 협력사 | M24: 2월 | O24: 3월 | Q24: 4월 | S24: 5월 | U24: 6월 | W24: 7월 | Y24: 8월 | AA24: 9월 | AC24: 10월 | AE24: 11월 | AG24: 12월 | AI24: 1월 | AK24: 2월 | AM24: 3월 | AO24: 4월 | AQ24: 총계 | AR24: 실적 | AS24: 차이
M25: 계획 | N25: 실적 | O25: 계획 | P25: 실적 | Q25: 계획 | R25: 실적 | S25: 계획 | T25: 실적 | U25: 계획 | V25: 실적 | W25: 계획 | X25: 실적 | Y25: 계획 | Z25: 실적 | AA25: 계획 | AB25: 실적 | AC25: 계획 | AD25: 실적 | AE25: 계획 | AF25: 실적 | AG25: 계획 | AH25: 실적 | AI25: 계획 | AJ25: 실적 | AK25: 계획 | AL25: 실적 | AM25: 계획 | AN25: 실적 | AO25: 계획 | AP25: 실적
L26: kt ds | M26: =COUNTIFS(인력관리!$E:$E,$L5,INDEX(인력관리!$K:$AN,,COLUMNS($K:K)),"<>") -> 17 | N26: =COUNTIFS(인력관리!$E:$E,$L5,INDEX(인력관리!$K:$AN,,COLUMNS($K:L)),"<>") -> 20 | O26: =COUNTIFS(인력관리!$E:$E,$L5,INDEX(인력관리!$K:$AN,,COLUMNS($K:M)),"<>") -> 21 | P26: =COUNTIFS(인력관리!$E:$E,$L5,INDEX(인력관리!$K:$AN,,COLUMNS($K:N)),"<>") -> 21 | Q26: =COUNTIFS(인력관리!$E:$E,$L5,INDEX(인력관리!$K:$AN,,COLUMNS($K:O)),"<>") -> 21 | R26: =COUNTIFS(인력관리!$E:$E,$L5,INDEX(인력관리!$K:$AN,,COLUMNS($K:P)),"<>") -> 21 | S26: =COUNTIFS(인력관리!$E:$E,$L5,INDEX(인력관리!$K:$AN,,COLUMNS($K:Q)),"<>") -> 22 | T26: =COUNTIFS(인력관리!$E:$E,$L5,INDEX(인력관리!$K:$AN,,COLUMNS($K:R)),"<>") -> 23 | U26: =COUNTIFS(인력관리!$E:$E,$L5,INDEX(인력관리!$K:$AN,,COLUMNS($K:S)),"<>") -> 26 | V26: =COUNTIFS(인력관리!$E:$E,$L5,INDEX(인력관리!$K:$AN,,COLUMNS($K:T)),"<>") -> 26 | W26: =COUNTIFS(인력관리!$E:$E,$L5,INDEX(인력관리!$K:$AN,,COLUMNS($K:U)),"<>") -> 31 | X26: =COUNTIFS(인력관리!$E:$E,$L5,INDEX(인력관리!$K:$AN,,COLUMNS($K:V)),"<>") -> 0 | Y26: =COUNTIFS(인력관리!$E:$E,$L5,INDEX(인력관리!$K:$AN,,COLUMNS($K:W)),"<>") -> 31 | Z26: =COUNTIFS(인력관리!$E:$E,$L5,INDEX(인력관리!$K:$AN,,COLUMNS($K:X)),"<>") -> 0 | AA26: =COUNTIFS(인력관리!$E:$E,$L5,INDEX(인력관리!$K:$AN,,COLUMNS($K:Y)),"<>") -> 30 | AB26: =COUNTIFS(인력관리!$E:$E,$L5,INDEX(인력관리!$K:$AN,,COLUMNS($K:Z)),"<>") -> 0 | AC26: =COUNTIFS(인력관리!$E:$E,$L5,INDEX(인력관리!$K:$AN,,COLUMNS($K:AA)),"<>") -> 31 | AD26: =COUNTIFS(인력관리!$E:$E,$L5,INDEX(인력관리!$K:$AN,,COLUMNS($K:AB)),"<>") -> 0 | AE26: =COUNTIFS(인력관리!$E:$E,$L5,INDEX(인력관리!$K:$AN,,COLUMNS($K:AC)),"<>") -> 34 | AF26: =COUNTIFS(인력관리!$E:$E,$L5,INDEX(인력관리!$K:$AN,,COLUMNS($K:AD)),"<>") -> 0 | AG26: =COUNTIFS(인력관리!$E:$E,$L5,INDEX(인력관리!$K:$AN,,COLUMNS($K:AE)),"<>") -> 33 | AH26: =COUNTIFS(인력관리!$E:$E,$L5,INDEX(인력관리!$K:$AN,,COLUMNS($K:AF)),"<>") -> 0 | AI26: =COUNTIFS(인력관리!$E:$E,$L5,INDEX(인력관리!$K:$AN,,COLUMNS($K:AG)),"<>") -> 31 | AJ26: =COUNTIFS(인력관리!$E:$E,$L5,INDEX(인력관리!$K:$AN,,COLUMNS($K:AH)),"<>") -> 0 | AK26: =COUNTIFS(인력관리!$E:$E,$L5,INDEX(인력관리!$K:$AN,,COLUMNS($K:AI)),"<>") -> 27 | AL26: =COUNTIFS(인력관리!$E:$E,$L5,INDEX(인력관리!$K:$AN,,COLUMNS($K:AJ)),"<>") -> 0 | AM26: =COUNTIFS(인력관리!$E:$E,$L5,INDEX(인력관리!$K:$AN,,COLUMNS($K:AK)),"<>") -> 24 | AN26: =COUNTIFS(인력관리!$E:$E,$L5,INDEX(인력관리!$K:$AN,,COLUMNS($K:AL)),"<>") -> 0 | AO26: =COUNTIFS(인력관리!$E:$E,$L5,INDEX(인력관리!$K:$AN,,COLUMNS($K:AM)),"<>") -> 17 | AP26: =COUNTIFS(인력관리!$E:$E,$L5,INDEX(인력관리!$K:$AN,,COLUMNS($K:AN)),"<>") -> 0 | AQ26: =M26+O26+Q26+S26+U26+W26+Y26+AA26+AC26+AE26+AG26+AI26+AK26+AM26+AO26 -> 396 | AR26: =N26+P26+R26+T26+V26+X26+Z26+AB26+AD26+AF26+AH26+AJ26+AL26+AN26+AP26 -> 111 | AS26: =AR26-AQ26 -> -285
L27: SGSecurity | M27: =COUNTIFS(인력관리!$E:$E,$L6,INDEX(인력관리!$K:$AN,,COLUMNS($K:K)),"<>") -> 0 | N27: =COUNTIFS(인력관리!$E:$E,$L6,INDEX(인력관리!$K:$AN,,COLUMNS($K:L)),"<>") -> 0 | O27: =COUNTIFS(인력관리!$E:$E,$L6,INDEX(인력관리!$K:$AN,,COLUMNS($K:M)),"<>") -> 2 | P27: =COUNTIFS(인력관리!$E:$E,$L6,INDEX(인력관리!$K:$AN,,COLUMNS($K:N)),"<>") -> 2 | Q27: =COUNTIFS(인력관리!$E:$E,$L6,INDEX(인력관리!$K:$AN,,COLUMNS($K:O)),"<>") -> 1 | R27: =COUNTIFS(인력관리!$E:$E,$L6,INDEX(인력관리!$K:$AN,,COLUMNS($K:P)),"<>") -> 1 | S27: =COUNTIFS(인력관리!$E:$E,$L6,INDEX(인력관리!$K:$AN,,COLUMNS($K:Q)),"<>") -> 1 | T27: =COUNTIFS(인력관리!$E:$E,$L6,INDEX(인력관리!$K:$AN,,COLUMNS($K:R)),"<>") -> 3 | U27: =COUNTIFS(인력관리!$E:$E,$L6,INDEX(인력관리!$K:$AN,,COLUMNS($K:S)),"<>") -> 1 | V27: =COUNTIFS(인력관리!$E:$E,$L6,INDEX(인력관리!$K:$AN,,COLUMNS($K:T)),"<>") -> 0 | W27: =COUNTIFS(인력관리!$E:$E,$L6,INDEX(인력관리!$K:$AN,,COLUMNS($K:U)),"<>") -> 0 | X27: =COUNTIFS(인력관리!$E:$E,$L6,INDEX(인력관리!$K:$AN,,COLUMNS($K:V)),"<>") -> 0 | Y27: =COUNTIFS(인력관리!$E:$E,$L6,INDEX(인력관리!$K:$AN,,COLUMNS($K:W)),"<>") -> 0 | Z27: =COUNTIFS(인력관리!$E:$E,$L6,INDEX(인력관리!$K:$AN,,COLUMNS($K:X)),"<>") -> 0 | AA27: =COUNTIFS(인력관리!$E:$E,$L6,INDEX(인력관리!$K:$AN,,COLUMNS($K:Y)),"<>") -> 2 | AB27: =COUNTIFS(인력관리!$E:$E,$L6,INDEX(인력관리!$K:$AN,,COLUMNS($K:Z)),"<>") -> 0 | AC27: =COUNTIFS(인력관리!$E:$E,$L6,INDEX(인력관리!$K:$AN,,COLUMNS($K:AA)),"<>") -> 0 | AD27: =COUNTIFS(인력관리!$E:$E,$L6,INDEX(인력관리!$K:$AN,,COLUMNS($K:AB)),"<>") -> 0 | AE27: =COUNTIFS(인력관리!$E:$E,$L6,INDEX(인력관리!$K:$AN,,COLUMNS($K:AC)),"<>") -> 3 | AF27: =COUNTIFS(인력관리!$E:$E,$L6,INDEX(인력관리!$K:$AN,,COLUMNS($K:AD)),"<>") -> 0 | AG27: =COUNTIFS(인력관리!$E:$E,$L6,INDEX(인력관리!$K:$AN,,COLUMNS($K:AE)),"<>") -> 3 | AH27: =COUNTIFS(인력관리!$E:$E,$L6,INDEX(인력관리!$K:$AN,,COLUMNS($K:AF)),"<>") -> 0 | AI27: =COUNTIFS(인력관리!$E:$E,$L6,INDEX(인력관리!$K:$AN,,COLUMNS($K:AG)),"<>") -> 0 | AJ27: =COUNTIFS(인력관리!$E:$E,$L6,INDEX(인력관리!$K:$AN,,COLUMNS($K:AH)),"<>") -> 0 | AK27: =COUNTIFS(인력관리!$E:$E,$L6,INDEX(인력관리!$K:$AN,,COLUMNS($K:AI)),"<>") -> 0 | AL27: =COUNTIFS(인력관리!$E:$E,$L6,INDEX(인력관리!$K:$AN,,COLUMNS($K:AJ)),"<>") -> 0 | AM27: =COUNTIFS(인력관리!$E:$E,$L6,INDEX(인력관리!$K:$AN,,COLUMNS($K:AK)),"<>") -> 0 | AN27: =COUNTIFS(인력관리!$E:$E,$L6,INDEX(인력관리!$K:$AN,,COLUMNS($K:AL)),"<>") -> 0 | AO27: =COUNTIFS(인력관리!$E:$E,$L6,INDEX(인력관리!$K:$AN,,COLUMNS($K:AM)),"<>") -> 0 | AP27: =COUNTIFS(인력관리!$E:$E,$L6,INDEX(인력관리!$K:$AN,,COLUMNS($K:AN)),"<>") -> 0 | AQ27: =M27+O27+Q27+S27+U27+W27+Y27+AA27+AC27+AE27+AG27+AI27+AK27+AM27+AO27 -> 13 | AR27: =N27+P27+R27+T27+V27+X27+Z27+AB27+AD27+AF27+AH27+AJ27+AL27+AN27+AP27 -> 6 | AS27: =AR27-AQ27 -> -7
L28: 비플컨설팅 | M28: =COUNTIFS(인력관리!$E:$E,$L7,INDEX(인력관리!$K:$AN,,COLUMNS($K:K)),"<>") -> 0 | N28: =COUNTIFS(인력관리!$E:$E,$L7,INDEX(인력관리!$K:$AN,,COLUMNS($K:L)),"<>") -> 0 | O28: =COUNTIFS(인력관리!$E:$E,$L7,INDEX(인력관리!$K:$AN,,COLUMNS($K:M)),"<>") -> 0 | P28: =COUNTIFS(인력관리!$E:$E,$L7,INDEX(인력관리!$K:$AN,,COLUMNS($K:N)),"<>") -> 0 | Q28: =COUNTIFS(인력관리!$E:$E,$L7,INDEX(인력관리!$K:$AN,,COLUMNS($K:O)),"<>") -> 0 | R28: =COUNTIFS(인력관리!$E:$E,$L7,INDEX(인력관리!$K:$AN,,COLUMNS($K:P)),"<>") -> 0 | S28: =COUNTIFS(인력관리!$E:$E,$L7,INDEX(인력관리!$K:$AN,,COLUMNS($K:Q)),"<>") -> 2 | T28: =COUNTIFS(인력관리!$E:$E,$L7,INDEX(인력관리!$K:$AN,,COLUMNS($K:R)),"<>") -> 2 | U28: =COUNTIFS(인력관리!$E:$E,$L7,INDEX(인력관리!$K:$AN,,COLUMNS($K:S)),"<>") -> 5 | V28: =COUNTIFS(인력관리!$E:$E,$L7,INDEX(인력관리!$K:$AN,,COLUMNS($K:T)),"<>") -> 5 | W28: =COUNTIFS(인력관리!$E:$E,$L7,INDEX(인력관리!$K:$AN,,COLUMNS($K:U)),"<>") -> 7 | X28: =COUNTIFS(인력관리!$E:$E,$L7,INDEX(인력관리!$K:$AN,,COLUMNS($K:V)),"<>") -> 0 | Y28: =COUNTIFS(인력관리!$E:$E,$L7,INDEX(인력관리!$K:$AN,,COLUMNS($K:W)),"<>") -> 7 | Z28: =COUNTIFS(인력관리!$E:$E,$L7,INDEX(인력관리!$K:$AN,,COLUMNS($K:X)),"<>") -> 0 | AA28: =COUNTIFS(인력관리!$E:$E,$L7,INDEX(인력관리!$K:$AN,,COLUMNS($K:Y)),"<>") -> 7 | AB28: =COUNTIFS(인력관리!$E:$E,$L7,INDEX(인력관리!$K:$AN,,COLUMNS($K:Z)),"<>") -> 0 | AC28: =COUNTIFS(인력관리!$E:$E,$L7,INDEX(인력관리!$K:$AN,,COLUMNS($K:AA)),"<>") -> 8 | AD28: =COUNTIFS(인력관리!$E:$E,$L7,INDEX(인력관리!$K:$AN,,COLUMNS($K:AB)),"<>") -> 0 | AE28: =COUNTIFS(인력관리!$E:$E,$L7,INDEX(인력관리!$K:$AN,,COLUMNS($K:AC)),"<>") -> 8 | AF28: =COUNTIFS(인력관리!$E:$E,$L7,INDEX(인력관리!$K:$AN,,COLUMNS($K:AD)),"<>") -> 0 | AG28: =COUNTIFS(인력관리!$E:$E,$L7,INDEX(인력관리!$K:$AN,,COLUMNS($K:AE)),"<>") -> 8 | AH28: =COUNTIFS(인력관리!$E:$E,$L7,INDEX(인력관리!$K:$AN,,COLUMNS($K:AF)),"<>") -> 0 | AI28: =COUNTIFS(인력관리!$E:$E,$L7,INDEX(인력관리!$K:$AN,,COLUMNS($K:AG)),"<>") -> 7 | AJ28: =COUNTIFS(인력관리!$E:$E,$L7,INDEX(인력관리!$K:$AN,,COLUMNS($K:AH)),"<>") -> 0 | AK28: =COUNTIFS(인력관리!$E:$E,$L7,INDEX(인력관리!$K:$AN,,COLUMNS($K:AI)),"<>") -> 7 | AL28: =COUNTIFS(인력관리!$E:$E,$L7,INDEX(인력관리!$K:$AN,,COLUMNS($K:AJ)),"<>") -> 0 | AM28: =COUNTIFS(인력관리!$E:$E,$L7,INDEX(인력관리!$K:$AN,,COLUMNS($K:AK)),"<>") -> 7 | AN28: =COUNTIFS(인력관리!$E:$E,$L7,INDEX(인력관리!$K:$AN,,COLUMNS($K:AL)),"<>") -> 0 | AO28: =COUNTIFS(인력관리!$E:$E,$L7,INDEX(인력관리!$K:$AN,,COLUMNS($K:AM)),"<>") -> 2 | AP28: =COUNTIFS(인력관리!$E:$E,$L7,INDEX(인력관리!$K:$AN,,COLUMNS($K:AN)),"<>") -> 0 | AQ28: =M28+O28+Q28+S28+U28+W28+Y28+AA28+AC28+AE28+AG28+AI28+AK28+AM28+AO28 -> 75 | AR28: =N28+P28+R28+T28+V28+X28+Z28+AB28+AD28+AF28+AH28+AJ28+AL28+AN28+AP28 -> 7 | AS28: =AR28-AQ28 -> -68
L29: 이너웨이브 | M29: =COUNTIFS(인력관리!$E:$E,$L8,INDEX(인력관리!$K:$AN,,COLUMNS($K:K)),"<>") -> 2 | N29: =COUNTIFS(인력관리!$E:$E,$L8,INDEX(인력관리!$K:$AN,,COLUMNS($K:L)),"<>") -> 2 | O29: =COUNTIFS(인력관리!$E:$E,$L8,INDEX(인력관리!$K:$AN,,COLUMNS($K:M)),"<>") -> 2 | P29: =COUNTIFS(인력관리!$E:$E,$L8,INDEX(인력관리!$K:$AN,,COLUMNS($K:N)),"<>") -> 2 | Q29: =COUNTIFS(인력관리!$E:$E,$L8,INDEX(인력관리!$K:$AN,,COLUMNS($K:O)),"<>") -> 5 | R29: =COUNTIFS(인력관리!$E:$E,$L8,INDEX(인력관리!$K:$AN,,COLUMNS($K:P)),"<>") -> 5 | S29: =COUNTIFS(인력관리!$E:$E,$L8,INDEX(인력관리!$K:$AN,,COLUMNS($K:Q)),"<>") -> 5 | T29: =COUNTIFS(인력관리!$E:$E,$L8,INDEX(인력관리!$K:$AN,,COLUMNS($K:R)),"<>") -> 5 | U29: =COUNTIFS(인력관리!$E:$E,$L8,INDEX(인력관리!$K:$AN,,COLUMNS($K:S)),"<>") -> 5 | V29: =COUNTIFS(인력관리!$E:$E,$L8,INDEX(인력관리!$K:$AN,,COLUMNS($K:T)),"<>") -> 5 | W29: =COUNTIFS(인력관리!$E:$E,$L8,INDEX(인력관리!$K:$AN,,COLUMNS($K:U)),"<>") -> 6 | X29: =COUNTIFS(인력관리!$E:$E,$L8,INDEX(인력관리!$K:$AN,,COLUMNS($K:V)),"<>") -> 0 | Y29: =COUNTIFS(인력관리!$E:$E,$L8,INDEX(인력관리!$K:$AN,,COLUMNS($K:W)),"<>") -> 5 | Z29: =COUNTIFS(인력관리!$E:$E,$L8,INDEX(인력관리!$K:$AN,,COLUMNS($K:X)),"<>") -> 0 | AA29: =COUNTIFS(인력관리!$E:$E,$L8,INDEX(인력관리!$K:$AN,,COLUMNS($K:Y)),"<>") -> 3 | AB29: =COUNTIFS(인력관리!$E:$E,$L8,INDEX(인력관리!$K:$AN,,COLUMNS($K:Z)),"<>") -> 0 | AC29: =COUNTIFS(인력관리!$E:$E,$L8,INDEX(인력관리!$K:$AN,,COLUMNS($K:AA)),"<>") -> 3 | AD29: =COUNTIFS(인력관리!$E:$E,$L8,INDEX(인력관리!$K:$AN,,COLUMNS($K:AB)),"<>") -> 0 | AE29: =COUNTIFS(인력관리!$E:$E,$L8,INDEX(인력관리!$K:$AN,,COLUMNS($K:AC)),"<>") -> 3 | AF29: =COUNTIFS(인력관리!$E:$E,$L8,INDEX(인력관리!$K:$AN,,COLUMNS($K:AD)),"<>") -> 0 | AG29: =COUNTIFS(인력관리!$E:$E,$L8,INDEX(인력관리!$K:$AN,,COLUMNS($K:AE)),"<>") -> 2 | AH29: =COUNTIFS(인력관리!$E:$E,$L8,INDEX(인력관리!$K:$AN,,COLUMNS($K:AF)),"<>") -> 0 | AI29: =COUNTIFS(인력관리!$E:$E,$L8,INDEX(인력관리!$K:$AN,,COLUMNS($K:AG)),"<>") -> 2 | AJ29: =COUNTIFS(인력관리!$E:$E,$L8,INDEX(인력관리!$K:$AN,,COLUMNS($K:AH)),"<>") -> 0 | AK29: =COUNTIFS(인력관리!$E:$E,$L8,INDEX(인력관리!$K:$AN,,COLUMNS($K:AI)),"<>") -> 2 | AL29: =COUNTIFS(인력관리!$E:$E,$L8,INDEX(인력관리!$K:$AN,,COLUMNS($K:AJ)),"<>") -> 0 | AM29: =COUNTIFS(인력관리!$E:$E,$L8,INDEX(인력관리!$K:$AN,,COLUMNS($K:AK)),"<>") -> 2 | AN29: =COUNTIFS(인력관리!$E:$E,$L8,INDEX(인력관리!$K:$AN,,COLUMNS($K:AL)),"<>") -> 0 | AO29: =COUNTIFS(인력관리!$E:$E,$L8,INDEX(인력관리!$K:$AN,,COLUMNS($K:AM)),"<>") -> 2 | AP29: =COUNTIFS(인력관리!$E:$E,$L8,INDEX(인력관리!$K:$AN,,COLUMNS($K:AN)),"<>") -> 0 | AQ29: =M29+O29+Q29+S29+U29+W29+Y29+AA29+AC29+AE29+AG29+AI29+AK29+AM29+AO29 -> 49 | AR29: =N29+P29+R29+T29+V29+X29+Z29+AB29+AD29+AF29+AH29+AJ29+AL29+AN29+AP29 -> 19 | AS29: =AR29-AQ29 -> -30
L30: 바이널씨 | M30: =COUNTIFS(인력관리!$E:$E,$L9,INDEX(인력관리!$K:$AN,,COLUMNS($K:K)),"<>") -> 7 | N30: =COUNTIFS(인력관리!$E:$E,$L9,INDEX(인력관리!$K:$AN,,COLUMNS($K:L)),"<>") -> 7 | O30: =COUNTIFS(인력관리!$E:$E,$L9,INDEX(인력관리!$K:$AN,,COLUMNS($K:M)),"<>") -> 14 | P30: =COUNTIFS(인력관리!$E:$E,$L9,INDEX(인력관리!$K:$AN,,COLUMNS($K:N)),"<>") -> 14 | Q30: =COUNTIFS(인력관리!$E:$E,$L9,INDEX(인력관리!$K:$AN,,COLUMNS($K:O)),"<>") -> 19 | R30: =COUNTIFS(인력관리!$E:$E,$L9,INDEX(인력관리!$K:$AN,,COLUMNS($K:P)),"<>") -> 19 | S30: =COUNTIFS(인력관리!$E:$E,$L9,INDEX(인력관리!$K:$AN,,COLUMNS($K:Q)),"<>") -> 19 | T30: =COUNTIFS(인력관리!$E:$E,$L9,INDEX(인력관리!$K:$AN,,COLUMNS($K:R)),"<>") -> 19 | U30: =COUNTIFS(인력관리!$E:$E,$L9,INDEX(인력관리!$K:$AN,,COLUMNS($K:S)),"<>") -> 25 | V30: =COUNTIFS(인력관리!$E:$E,$L9,INDEX(인력관리!$K:$AN,,COLUMNS($K:T)),"<>") -> 25 | W30: =COUNTIFS(인력관리!$E:$E,$L9,INDEX(인력관리!$K:$AN,,COLUMNS($K:U)),"<>") -> 24 | X30: =COUNTIFS(인력관리!$E:$E,$L9,INDEX(인력관리!$K:$AN,,COLUMNS($K:V)),"<>") -> 0 | Y30: =COUNTIFS(인력관리!$E:$E,$L9,INDEX(인력관리!$K:$AN,,COLUMNS($K:W)),"<>") -> 24 | Z30: =COUNTIFS(인력관리!$E:$E,$L9,INDEX(인력관리!$K:$AN,,COLUMNS($K:X)),"<>") -> 0 | AA30: =COUNTIFS(인력관리!$E:$E,$L9,INDEX(인력관리!$K:$AN,,COLUMNS($K:Y)),"<>") -> 22 | AB30: =COUNTIFS(인력관리!$E:$E,$L9,INDEX(인력관리!$K:$AN,,COLUMNS($K:Z)),"<>") -> 0 | AC30: =COUNTIFS(인력관리!$E:$E,$L9,INDEX(인력관리!$K:$AN,,COLUMNS($K:AA)),"<>") -> 20 | AD30: =COUNTIFS(인력관리!$E:$E,$L9,INDEX(인력관리!$K:$AN,,COLUMNS($K:AB)),"<>") -> 0 | AE30: =COUNTIFS(인력관리!$E:$E,$L9,INDEX(인력관리!$K:$AN,,COLUMNS($K:AC)),"<>") -> 16 | AF30: =COUNTIFS(인력관리!$E:$E,$L9,INDEX(인력관리!$K:$AN,,COLUMNS($K:AD)),"<>") -> 0 | AG30: =COUNTIFS(인력관리!$E:$E,$L9,INDEX(인력관리!$K:$AN,,COLUMNS($K:AE)),"<>") -> 13 | AH30: =COUNTIFS(인력관리!$E:$E,$L9,INDEX(인력관리!$K:$AN,,COLUMNS($K:AF)),"<>") -> 0 | AI30: =COUNTIFS(인력관리!$E:$E,$L9,INDEX(인력관리!$K:$AN,,COLUMNS($K:AG)),"<>") -> 8 | AJ30: =COUNTIFS(인력관리!$E:$E,$L9,INDEX(인력관리!$K:$AN,,COLUMNS($K:AH)),"<>") -> 0 | AK30: =COUNTIFS(인력관리!$E:$E,$L9,INDEX(인력관리!$K:$AN,,COLUMNS($K:AI)),"<>") -> 7 | AL30: =COUNTIFS(인력관리!$E:$E,$L9,INDEX(인력관리!$K:$AN,,COLUMNS($K:AJ)),"<>") -> 0 | AM30: =COUNTIFS(인력관리!$E:$E,$L9,INDEX(인력관리!$K:$AN,,COLUMNS($K:AK)),"<>") -> 6 | AN30: =COUNTIFS(인력관리!$E:$E,$L9,INDEX(인력관리!$K:$AN,,COLUMNS($K:AL)),"<>") -> 0 | AO30: =COUNTIFS(인력관리!$E:$E,$L9,INDEX(인력관리!$K:$AN,,COLUMNS($K:AM)),"<>") -> 6 | AP30: =COUNTIFS(인력관리!$E:$E,$L9,INDEX(인력관리!$K:$AN,,COLUMNS($K:AN)),"<>") -> 0 | AQ30: =M30+O30+Q30+S30+U30+W30+Y30+AA30+AC30+AE30+AG30+AI30+AK30+AM30+AO30 -> 230 | AR30: =N30+P30+R30+T30+V30+X30+Z30+AB30+AD30+AF30+AH30+AJ30+AL30+AN30+AP30 -> 84 | AS30: =AR30-AQ30 -> -146
L31: 커머스웨어 | M31: =COUNTIFS(인력관리!$E:$E,$L10,INDEX(인력관리!$K:$AN,,COLUMNS($K:K)),"<>") -> 21 | N31: =COUNTIFS(인력관리!$E:$E,$L10,INDEX(인력관리!$K:$AN,,COLUMNS($K:L)),"<>") -> 21 | O31: =COUNTIFS(인력관리!$E:$E,$L10,INDEX(인력관리!$K:$AN,,COLUMNS($K:M)),"<>") -> 23 | P31: =COUNTIFS(인력관리!$E:$E,$L10,INDEX(인력관리!$K:$AN,,COLUMNS($K:N)),"<>") -> 23 | Q31: =COUNTIFS(인력관리!$E:$E,$L10,INDEX(인력관리!$K:$AN,,COLUMNS($K:O)),"<>") -> 30 | R31: =COUNTIFS(인력관리!$E:$E,$L10,INDEX(인력관리!$K:$AN,,COLUMNS($K:P)),"<>") -> 30 | S31: =COUNTIFS(인력관리!$E:$E,$L10,INDEX(인력관리!$K:$AN,,COLUMNS($K:Q)),"<>") -> 29 | T31: =COUNTIFS(인력관리!$E:$E,$L10,INDEX(인력관리!$K:$AN,,COLUMNS($K:R)),"<>") -> 29 | U31: =COUNTIFS(인력관리!$E:$E,$L10,INDEX(인력관리!$K:$AN,,COLUMNS($K:S)),"<>") -> 41 | V31: =COUNTIFS(인력관리!$E:$E,$L10,INDEX(인력관리!$K:$AN,,COLUMNS($K:T)),"<>") -> 41 | W31: =COUNTIFS(인력관리!$E:$E,$L10,INDEX(인력관리!$K:$AN,,COLUMNS($K:U)),"<>") -> 46 | X31: =COUNTIFS(인력관리!$E:$E,$L10,INDEX(인력관리!$K:$AN,,COLUMNS($K:V)),"<>") -> 0 | Y31: =COUNTIFS(인력관리!$E:$E,$L10,INDEX(인력관리!$K:$AN,,COLUMNS($K:W)),"<>") -> 46 | Z31: =COUNTIFS(인력관리!$E:$E,$L10,INDEX(인력관리!$K:$AN,,COLUMNS($K:X)),"<>") -> 0 | AA31: =COUNTIFS(인력관리!$E:$E,$L10,INDEX(인력관리!$K:$AN,,COLUMNS($K:Y)),"<>") -> 46 | AB31: =COUNTIFS(인력관리!$E:$E,$L10,INDEX(인력관리!$K:$AN,,COLUMNS($K:Z)),"<>") -> 0 | AC31: =COUNTIFS(인력관리!$E:$E,$L10,INDEX(인력관리!$K:$AN,,COLUMNS($K:AA)),"<>") -> 46 | AD31: =COUNTIFS(인력관리!$E:$E,$L10,INDEX(인력관리!$K:$AN,,COLUMNS($K:AB)),"<>") -> 0 | AE31: =COUNTIFS(인력관리!$E:$E,$L10,INDEX(인력관리!$K:$AN,,COLUMNS($K:AC)),"<>") -> 46 | AF31: =COUNTIFS(인력관리!$E:$E,$L10,INDEX(인력관리!$K:$AN,,COLUMNS($K:AD)),"<>") -> 0 | AG31: =COUNTIFS(인력관리!$E:$E,$L10,INDEX(인력관리!$K:$AN,,COLUMNS($K:AE)),"<>") -> 46 | AH31: =COUNTIFS(인력관리!$E:$E,$L10,INDEX(인력관리!$K:$AN,,COLUMNS($K:AF)),"<>") -> 0 | AI31: =COUNTIFS(인력관리!$E:$E,$L10,INDEX(인력관리!$K:$AN,,COLUMNS($K:AG)),"<>") -> 46 | AJ31: =COUNTIFS(인력관리!$E:$E,$L10,INDEX(인력관리!$K:$AN,,COLUMNS($K:AH)),"<>") -> 0 | AK31: =COUNTIFS(인력관리!$E:$E,$L10,INDEX(인력관리!$K:$AN,,COLUMNS($K:AI)),"<>") -> 46 | AL31: =COUNTIFS(인력관리!$E:$E,$L10,INDEX(인력관리!$K:$AN,,COLUMNS($K:AJ)),"<>") -> 0 | AM31: =COUNTIFS(인력관리!$E:$E,$L10,INDEX(인력관리!$K:$AN,,COLUMNS($K:AK)),"<>") -> 46 | AN31: =COUNTIFS(인력관리!$E:$E,$L10,INDEX(인력관리!$K:$AN,,COLUMNS($K:AL)),"<>") -> 0 | AO31: =COUNTIFS(인력관리!$E:$E,$L10,INDEX(인력관리!$K:$AN,,COLUMNS($K:AM)),"<>") -> 34 | AP31: =COUNTIFS(인력관리!$E:$E,$L10,INDEX(인력관리!$K:$AN,,COLUMNS($K:AN)),"<>") -> 0 | AQ31: =M31+O31+Q31+S31+U31+W31+Y31+AA31+AC31+AE31+AG31+AI31+AK31+AM31+AO31 -> 592 | AR31: =N31+P31+R31+T31+V31+X31+Z31+AB31+AD31+AF31+AH31+AJ31+AL31+AN31+AP31 -> 144 | AS31: =AR31-AQ31 -> -448
L32: 아이온 | M32: =COUNTIFS(인력관리!$E:$E,$L11,INDEX(인력관리!$K:$AN,,COLUMNS($K:K)),"<>") -> 0 | N32: =COUNTIFS(인력관리!$E:$E,$L11,INDEX(인력관리!$K:$AN,,COLUMNS($K:L)),"<>") -> 0 | O32: =COUNTIFS(인력관리!$E:$E,$L11,INDEX(인력관리!$K:$AN,,COLUMNS($K:M)),"<>") -> 0 | P32: =COUNTIFS(인력관리!$E:$E,$L11,INDEX(인력관리!$K:$AN,,COLUMNS($K:N)),"<>") -> 0 | Q32: =COUNTIFS(인력관리!$E:$E,$L11,INDEX(인력관리!$K:$AN,,COLUMNS($K:O)),"<>") -> 0 | R32: =COUNTIFS(인력관리!$E:$E,$L11,INDEX(인력관리!$K:$AN,,COLUMNS($K:P)),"<>") -> 0 | S32: =COUNTIFS(인력관리!$E:$E,$L11,INDEX(인력관리!$K:$AN,,COLUMNS($K:Q)),"<>") -> 0 | T32: =COUNTIFS(인력관리!$E:$E,$L11,INDEX(인력관리!$K:$AN,,COLUMNS($K:R)),"<>") -> 0 | U32: =COUNTIFS(인력관리!$E:$E,$L11,INDEX(인력관리!$K:$AN,,COLUMNS($K:S)),"<>") -> 0 | V32: =COUNTIFS(인력관리!$E:$E,$L11,INDEX(인력관리!$K:$AN,,COLUMNS($K:T)),"<>") -> 0 | W32: =COUNTIFS(인력관리!$E:$E,$L11,INDEX(인력관리!$K:$AN,,COLUMNS($K:U)),"<>") -> 0 | X32: =COUNTIFS(인력관리!$E:$E,$L11,INDEX(인력관리!$K:$AN,,COLUMNS($K:V)),"<>") -> 0 | Y32: =COUNTIFS(인력관리!$E:$E,$L11,INDEX(인력관리!$K:$AN,,COLUMNS($K:W)),"<>") -> 0 | Z32: =COUNTIFS(인력관리!$E:$E,$L11,INDEX(인력관리!$K:$AN,,COLUMNS($K:X)),"<>") -> 0 | AA32: =COUNTIFS(인력관리!$E:$E,$L11,INDEX(인력관리!$K:$AN,,COLUMNS($K:Y)),"<>") -> 0 | AB32: =COUNTIFS(인력관리!$E:$E,$L11,INDEX(인력관리!$K:$AN,,COLUMNS($K:Z)),"<>") -> 0 | AC32: =COUNTIFS(인력관리!$E:$E,$L11,INDEX(인력관리!$K:$AN,,COLUMNS($K:AA)),"<>") -> 0 | AD32: =COUNTIFS(인력관리!$E:$E,$L11,INDEX(인력관리!$K:$AN,,COLUMNS($K:AB)),"<>") -> 0 | AE32: =COUNTIFS(인력관리!$E:$E,$L11,INDEX(인력관리!$K:$AN,,COLUMNS($K:AC)),"<>") -> 0 | AF32: =COUNTIFS(인력관리!$E:$E,$L11,INDEX(인력관리!$K:$AN,,COLUMNS($K:AD)),"<>") -> 0 | AG32: =COUNTIFS(인력관리!$E:$E,$L11,INDEX(인력관리!$K:$AN,,COLUMNS($K:AE)),"<>") -> 0 | AH32: =COUNTIFS(인력관리!$E:$E,$L11,INDEX(인력관리!$K:$AN,,COLUMNS($K:AF)),"<>") -> 0 | AI32: =COUNTIFS(인력관리!$E:$E,$L11,INDEX(인력관리!$K:$AN,,COLUMNS($K:AG)),"<>") -> 0 | AJ32: =COUNTIFS(인력관리!$E:$E,$L11,INDEX(인력관리!$K:$AN,,COLUMNS($K:AH)),"<>") -> 0 | AK32: =COUNTIFS(인력관리!$E:$E,$L11,INDEX(인력관리!$K:$AN,,COLUMNS($K:AI)),"<>") -> 0 | AL32: =COUNTIFS(인력관리!$E:$E,$L11,INDEX(인력관리!$K:$AN,,COLUMNS($K:AJ)),"<>") -> 0 | AM32: =COUNTIFS(인력관리!$E:$E,$L11,INDEX(인력관리!$K:$AN,,COLUMNS($K:AK)),"<>") -> 0 | AN32: =COUNTIFS(인력관리!$E:$E,$L11,INDEX(인력관리!$K:$AN,,COLUMNS($K:AL)),"<>") -> 0 | AO32: =COUNTIFS(인력관리!$E:$E,$L11,INDEX(인력관리!$K:$AN,,COLUMNS($K:AM)),"<>") -> 0 | AP32: =COUNTIFS(인력관리!$E:$E,$L11,INDEX(인력관리!$K:$AN,,COLUMNS($K:AN)),"<>") -> 0 | AQ32: =M32+O32+Q32+S32+U32+W32+Y32+AA32+AC32+AE32+AG32+AI32+AK32+AM32+AO32 -> 0 | AR32: =N32+P32+R32+T32+V32+X32+Z32+AB32+AD32+AF32+AH32+AJ32+AL32+AN32+AP32 -> 0 | AS32: =AR32-AQ32 -> 0
L33: 씨엔씨네트웍스 | M33: =COUNTIFS(인력관리!$E:$E,$L12,INDEX(인력관리!$K:$AN,,COLUMNS($K:K)),"<>") -> 2 | N33: =COUNTIFS(인력관리!$E:$E,$L12,INDEX(인력관리!$K:$AN,,COLUMNS($K:L)),"<>") -> 2 | O33: =COUNTIFS(인력관리!$E:$E,$L12,INDEX(인력관리!$K:$AN,,COLUMNS($K:M)),"<>") -> 4 | P33: =COUNTIFS(인력관리!$E:$E,$L12,INDEX(인력관리!$K:$AN,,COLUMNS($K:N)),"<>") -> 4 | Q33: =COUNTIFS(인력관리!$E:$E,$L12,INDEX(인력관리!$K:$AN,,COLUMNS($K:O)),"<>") -> 5 | R33: =COUNTIFS(인력관리!$E:$E,$L12,INDEX(인력관리!$K:$AN,,COLUMNS($K:P)),"<>") -> 5 | S33: =COUNTIFS(인력관리!$E:$E,$L12,INDEX(인력관리!$K:$AN,,COLUMNS($K:Q)),"<>") -> 11 | T33: =COUNTIFS(인력관리!$E:$E,$L12,INDEX(인력관리!$K:$AN,,COLUMNS($K:R)),"<>") -> 11 | U33: =COUNTIFS(인력관리!$E:$E,$L12,INDEX(인력관리!$K:$AN,,COLUMNS($K:S)),"<>") -> 10 | V33: =COUNTIFS(인력관리!$E:$E,$L12,INDEX(인력관리!$K:$AN,,COLUMNS($K:T)),"<>") -> 10 | W33: =COUNTIFS(인력관리!$E:$E,$L12,INDEX(인력관리!$K:$AN,,COLUMNS($K:U)),"<>") -> 9 | X33: =COUNTIFS(인력관리!$E:$E,$L12,INDEX(인력관리!$K:$AN,,COLUMNS($K:V)),"<>") -> 0 | Y33: =COUNTIFS(인력관리!$E:$E,$L12,INDEX(인력관리!$K:$AN,,COLUMNS($K:W)),"<>") -> 7 | Z33: =COUNTIFS(인력관리!$E:$E,$L12,INDEX(인력관리!$K:$AN,,COLUMNS($K:X)),"<>") -> 0 | AA33: =COUNTIFS(인력관리!$E:$E,$L12,INDEX(인력관리!$K:$AN,,COLUMNS($K:Y)),"<>") -> 7 | AB33: =COUNTIFS(인력관리!$E:$E,$L12,INDEX(인력관리!$K:$AN,,COLUMNS($K:Z)),"<>") -> 0 | AC33: =COUNTIFS(인력관리!$E:$E,$L12,INDEX(인력관리!$K:$AN,,COLUMNS($K:AA)),"<>") -> 7 | AD33: =COUNTIFS(인력관리!$E:$E,$L12,INDEX(인력관리!$K:$AN,,COLUMNS($K:AB)),"<>") -> 0 | AE33: =COUNTIFS(인력관리!$E:$E,$L12,INDEX(인력관리!$K:$AN,,COLUMNS($K:AC)),"<>") -> 6 | AF33: =COUNTIFS(인력관리!$E:$E,$L12,INDEX(인력관리!$K:$AN,,COLUMNS($K:AD)),"<>") -> 0 | AG33: =COUNTIFS(인력관리!$E:$E,$L12,INDEX(인력관리!$K:$AN,,COLUMNS($K:AE)),"<>") -> 6 | AH33: =COUNTIFS(인력관리!$E:$E,$L12,INDEX(인력관리!$K:$AN,,COLUMNS($K:AF)),"<>") -> 0 | AI33: =COUNTIFS(인력관리!$E:$E,$L12,INDEX(인력관리!$K:$AN,,COLUMNS($K:AG)),"<>") -> 3 | AJ33: =COUNTIFS(인력관리!$E:$E,$L12,INDEX(인력관리!$K:$AN,,COLUMNS($K:AH)),"<>") -> 0 | AK33: =COUNTIFS(인력관리!$E:$E,$L12,INDEX(인력관리!$K:$AN,,COLUMNS($K:AI)),"<>") -> 3 | AL33: =COUNTIFS(인력관리!$E:$E,$L12,INDEX(인력관리!$K:$AN,,COLUMNS($K:AJ)),"<>") -> 0 | AM33: =COUNTIFS(인력관리!$E:$E,$L12,INDEX(인력관리!$K:$AN,,COLUMNS($K:AK)),"<>") -> 1 | AN33: =COUNTIFS(인력관리!$E:$E,$L12,INDEX(인력관리!$K:$AN,,COLUMNS($K:AL)),"<>") -> 0 | AO33: =COUNTIFS(인력관리!$E:$E,$L12,INDEX(인력관리!$K:$AN,,COLUMNS($K:AM)),"<>") -> 1 | AP33: =COUNTIFS(인력관리!$E:$E,$L12,INDEX(인력관리!$K:$AN,,COLUMNS($K:AN)),"<>") -> 0 | AQ33: =M33+O33+Q33+S33+U33+W33+Y33+AA33+AC33+AE33+AG33+AI33+AK33+AM33+AO33 -> 82 | AR33: =N33+P33+R33+T33+V33+X33+Z33+AB33+AD33+AF33+AH33+AJ33+AL33+AN33+AP33 -> 32 | AS33: =AR33-AQ33 -> -50
L34: 투비소프트 | M34: =COUNTIFS(인력관리!$E:$E,$L13,INDEX(인력관리!$K:$AN,,COLUMNS($K:K)),"<>") -> 3 | N34: =COUNTIFS(인력관리!$E:$E,$L13,INDEX(인력관리!$K:$AN,,COLUMNS($K:L)),"<>") -> 3 | O34: =COUNTIFS(인력관리!$E:$E,$L13,INDEX(인력관리!$K:$AN,,COLUMNS($K:M)),"<>") -> 11 | P34: =COUNTIFS(인력관리!$E:$E,$L13,INDEX(인력관리!$K:$AN,,COLUMNS($K:N)),"<>") -> 12 | Q34: =COUNTIFS(인력관리!$E:$E,$L13,INDEX(인력관리!$K:$AN,,COLUMNS($K:O)),"<>") -> 16 | R34: =COUNTIFS(인력관리!$E:$E,$L13,INDEX(인력관리!$K:$AN,,COLUMNS($K:P)),"<>") -> 15 | S34: =COUNTIFS(인력관리!$E:$E,$L13,INDEX(인력관리!$K:$AN,,COLUMNS($K:Q)),"<>") -> 19 | T34: =COUNTIFS(인력관리!$E:$E,$L13,INDEX(인력관리!$K:$AN,,COLUMNS($K:R)),"<>") -> 19 | U34: =COUNTIFS(인력관리!$E:$E,$L13,INDEX(인력관리!$K:$AN,,COLUMNS($K:S)),"<>") -> 18 | V34: =COUNTIFS(인력관리!$E:$E,$L13,INDEX(인력관리!$K:$AN,,COLUMNS($K:T)),"<>") -> 17 | W34: =COUNTIFS(인력관리!$E:$E,$L13,INDEX(인력관리!$K:$AN,,COLUMNS($K:U)),"<>") -> 22 | X34: =COUNTIFS(인력관리!$E:$E,$L13,INDEX(인력관리!$K:$AN,,COLUMNS($K:V)),"<>") -> 0 | Y34: =COUNTIFS(인력관리!$E:$E,$L13,INDEX(인력관리!$K:$AN,,COLUMNS($K:W)),"<>") -> 22 | Z34: =COUNTIFS(인력관리!$E:$E,$L13,INDEX(인력관리!$K:$AN,,COLUMNS($K:X)),"<>") -> 0 | AA34: =COUNTIFS(인력관리!$E:$E,$L13,INDEX(인력관리!$K:$AN,,COLUMNS($K:Y)),"<>") -> 20 | AB34: =COUNTIFS(인력관리!$E:$E,$L13,INDEX(인력관리!$K:$AN,,COLUMNS($K:Z)),"<>") -> 0 | AC34: =COUNTIFS(인력관리!$E:$E,$L13,INDEX(인력관리!$K:$AN,,COLUMNS($K:AA)),"<>") -> 17 | AD34: =COUNTIFS(인력관리!$E:$E,$L13,INDEX(인력관리!$K:$AN,,COLUMNS($K:AB)),"<>") -> 0 | AE34: =COUNTIFS(인력관리!$E:$E,$L13,INDEX(인력관리!$K:$AN,,COLUMNS($K:AC)),"<>") -> 17 | AF34: =COUNTIFS(인력관리!$E:$E,$L13,INDEX(인력관리!$K:$AN,,COLUMNS($K:AD)),"<>") -> 0 | AG34: =COUNTIFS(인력관리!$E:$E,$L13,INDEX(인력관리!$K:$AN,,COLUMNS($K:AE)),"<>") -> 18 | AH34: =COUNTIFS(인력관리!$E:$E,$L13,INDEX(인력관리!$K:$AN,,COLUMNS($K:AF)),"<>") -> 0 | AI34: =COUNTIFS(인력관리!$E:$E,$L13,INDEX(인력관리!$K:$AN,,COLUMNS($K:AG)),"<>") -> 18 | AJ34: =COUNTIFS(인력관리!$E:$E,$L13,INDEX(인력관리!$K:$AN,,COLUMNS($K:AH)),"<>") -> 0 | AK34: =COUNTIFS(인력관리!$E:$E,$L13,INDEX(인력관리!$K:$AN,,COLUMNS($K:AI)),"<>") -> 15 | AL34: =COUNTIFS(인력관리!$E:$E,$L13,INDEX(인력관리!$K:$AN,,COLUMNS($K:AJ)),"<>") -> 0 | AM34: =COUNTIFS(인력관리!$E:$E,$L13,INDEX(인력관리!$K:$AN,,COLUMNS($K:AK)),"<>") -> 13 | AN34: =COUNTIFS(인력관리!$E:$E,$L13,INDEX(인력관리!$K:$AN,,COLUMNS($K:AL)),"<>") -> 0 | AO34: =COUNTIFS(인력관리!$E:$E,$L13,INDEX(인력관리!$K:$AN,,COLUMNS($K:AM)),"<>") -> 7 | AP34: =COUNTIFS(인력관리!$E:$E,$L13,INDEX(인력관리!$K:$AN,,COLUMNS($K:AN)),"<>") -> 0 | AQ34: =M34+O34+Q34+S34+U34+W34+Y34+AA34+AC34+AE34+AG34+AI34+AK34+AM34+AO34 -> 236 | AR34: =N34+P34+R34+T34+V34+X34+Z34+AB34+AD34+AF34+AH34+AJ34+AL34+AN34+AP34 -> 66 | AS34: =AR34-AQ34 -> -170
L35: A&T | M35: =COUNTIFS(인력관리!$E:$E,$L14,INDEX(인력관리!$K:$AN,,COLUMNS($K:K)),"<>") -> 4 | N35: =COUNTIFS(인력관리!$E:$E,$L14,INDEX(인력관리!$K:$AN,,COLUMNS($K:L)),"<>") -> 4 | O35: =COUNTIFS(인력관리!$E:$E,$L14,INDEX(인력관리!$K:$AN,,COLUMNS($K:M)),"<>") -> 5 | P35: =COUNTIFS(인력관리!$E:$E,$L14,INDEX(인력관리!$K:$AN,,COLUMNS($K:N)),"<>") -> 5 | Q35: =COUNTIFS(인력관리!$E:$E,$L14,INDEX(인력관리!$K:$AN,,COLUMNS($K:O)),"<>") -> 8 | R35: =COUNTIFS(인력관리!$E:$E,$L14,INDEX(인력관리!$K:$AN,,COLUMNS($K:P)),"<>") -> 6 | S35: =COUNTIFS(인력관리!$E:$E,$L14,INDEX(인력관리!$K:$AN,,COLUMNS($K:Q)),"<>") -> 9 | T35: =COUNTIFS(인력관리!$E:$E,$L14,INDEX(인력관리!$K:$AN,,COLUMNS($K:R)),"<>") -> 9 | U35: =COUNTIFS(인력관리!$E:$E,$L14,INDEX(인력관리!$K:$AN,,COLUMNS($K:S)),"<>") -> 10 | V35: =COUNTIFS(인력관리!$E:$E,$L14,INDEX(인력관리!$K:$AN,,COLUMNS($K:T)),"<>") -> 9 | W35: =COUNTIFS(인력관리!$E:$E,$L14,INDEX(인력관리!$K:$AN,,COLUMNS($K:U)),"<>") -> 10 | X35: =COUNTIFS(인력관리!$E:$E,$L14,INDEX(인력관리!$K:$AN,,COLUMNS($K:V)),"<>") -> 0 | Y35: =COUNTIFS(인력관리!$E:$E,$L14,INDEX(인력관리!$K:$AN,,COLUMNS($K:W)),"<>") -> 10 | Z35: =COUNTIFS(인력관리!$E:$E,$L14,INDEX(인력관리!$K:$AN,,COLUMNS($K:X)),"<>") -> 0 | AA35: =COUNTIFS(인력관리!$E:$E,$L14,INDEX(인력관리!$K:$AN,,COLUMNS($K:Y)),"<>") -> 10 | AB35: =COUNTIFS(인력관리!$E:$E,$L14,INDEX(인력관리!$K:$AN,,COLUMNS($K:Z)),"<>") -> 0 | AC35: =COUNTIFS(인력관리!$E:$E,$L14,INDEX(인력관리!$K:$AN,,COLUMNS($K:AA)),"<>") -> 10 | AD35: =COUNTIFS(인력관리!$E:$E,$L14,INDEX(인력관리!$K:$AN,,COLUMNS($K:AB)),"<>") -> 0 | AE35: =COUNTIFS(인력관리!$E:$E,$L14,INDEX(인력관리!$K:$AN,,COLUMNS($K:AC)),"<>") -> 10 | AF35: =COUNTIFS(인력관리!$E:$E,$L14,INDEX(인력관리!$K:$AN,,COLUMNS($K:AD)),"<>") -> 0 | AG35: =COUNTIFS(인력관리!$E:$E,$L14,INDEX(인력관리!$K:$AN,,COLUMNS($K:AE)),"<>") -> 8 | AH35: =COUNTIFS(인력관리!$E:$E,$L14,INDEX(인력관리!$K:$AN,,COLUMNS($K:AF)),"<>") -> 0 | AI35: =COUNTIFS(인력관리!$E:$E,$L14,INDEX(인력관리!$K:$AN,,COLUMNS($K:AG)),"<>") -> 6 | AJ35: =COUNTIFS(인력관리!$E:$E,$L14,INDEX(인력관리!$K:$AN,,COLUMNS($K:AH)),"<>") -> 0 | AK35: =COUNTIFS(인력관리!$E:$E,$L14,INDEX(인력관리!$K:$AN,,COLUMNS($K:AI)),"<>") -> 6 | AL35: =COUNTIFS(인력관리!$E:$E,$L14,INDEX(인력관리!$K:$AN,,COLUMNS($K:AJ)),"<>") -> 0 | AM35: =COUNTIFS(인력관리!$E:$E,$L14,INDEX(인력관리!$K:$AN,,COLUMNS($K:AK)),"<>") -> 4 | AN35: =COUNTIFS(인력관리!$E:$E,$L14,INDEX(인력관리!$K:$AN,,COLUMNS($K:AL)),"<>") -> 0 | AO35: =COUNTIFS(인력관리!$E:$E,$L14,INDEX(인력관리!$K:$AN,,COLUMNS($K:AM)),"<>") -> 4 | AP35: =COUNTIFS(인력관리!$E:$E,$L14,INDEX(인력관리!$K:$AN,,COLUMNS($K:AN)),"<>") -> 0 | AQ35: =M35+O35+Q35+S35+U35+W35+Y35+AA35+AC35+AE35+AG35+AI35+AK35+AM35+AO35 -> 114 | AR35: =N35+P35+R35+T35+V35+X35+Z35+AB35+AD35+AF35+AH35+AJ35+AL35+AN35+AP35 -> 33 | AS35: =AR35-AQ35 -> -81
L36: 오브젠 | M36: =COUNTIFS(인력관리!$E:$E,$L15,INDEX(인력관리!$K:$AN,,COLUMNS($K:K)),"<>") -> 0 | N36: =COUNTIFS(인력관리!$E:$E,$L15,INDEX(인력관리!$K:$AN,,COLUMNS($K:L)),"<>") -> 0 | O36: =COUNTIFS(인력관리!$E:$E,$L15,INDEX(인력관리!$K:$AN,,COLUMNS($K:M)),"<>") -> 2 | P36: =COUNTIFS(인력관리!$E:$E,$L15,INDEX(인력관리!$K:$AN,,COLUMNS($K:N)),"<>") -> 2 | Q36: =COUNTIFS(인력관리!$E:$E,$L15,INDEX(인력관리!$K:$AN,,COLUMNS($K:O)),"<>") -> 2 | R36: =COUNTIFS(인력관리!$E:$E,$L15,INDEX(인력관리!$K:$AN,,COLUMNS($K:P)),"<>") -> 2 | S36: =COUNTIFS(인력관리!$E:$E,$L15,INDEX(인력관리!$K:$AN,,COLUMNS($K:Q)),"<>") -> 2 | T36: =COUNTIFS(인력관리!$E:$E,$L15,INDEX(인력관리!$K:$AN,,COLUMNS($K:R)),"<>") -> 2 | U36: =COUNTIFS(인력관리!$E:$E,$L15,INDEX(인력관리!$K:$AN,,COLUMNS($K:S)),"<>") -> 2 | V36: =COUNTIFS(인력관리!$E:$E,$L15,INDEX(인력관리!$K:$AN,,COLUMNS($K:T)),"<>") -> 2 | W36: =COUNTIFS(인력관리!$E:$E,$L15,INDEX(인력관리!$K:$AN,,COLUMNS($K:U)),"<>") -> 2 | X36: =COUNTIFS(인력관리!$E:$E,$L15,INDEX(인력관리!$K:$AN,,COLUMNS($K:V)),"<>") -> 0 | Y36: =COUNTIFS(인력관리!$E:$E,$L15,INDEX(인력관리!$K:$AN,,COLUMNS($K:W)),"<>") -> 6 | Z36: =COUNTIFS(인력관리!$E:$E,$L15,INDEX(인력관리!$K:$AN,,COLUMNS($K:X)),"<>") -> 0 | AA36: =COUNTIFS(인력관리!$E:$E,$L15,INDEX(인력관리!$K:$AN,,COLUMNS($K:Y)),"<>") -> 11 | AB36: =COUNTIFS(인력관리!$E:$E,$L15,INDEX(인력관리!$K:$AN,,COLUMNS($K:Z)),"<>") -> 0 | AC36: =COUNTIFS(인력관리!$E:$E,$L15,INDEX(인력관리!$K:$AN,,COLUMNS($K:AA)),"<>") -> 11 | AD36: =COUNTIFS(인력관리!$E:$E,$L15,INDEX(인력관리!$K:$AN,,COLUMNS($K:AB)),"<>") -> 0 | AE36: =COUNTIFS(인력관리!$E:$E,$L15,INDEX(인력관리!$K:$AN,,COLUMNS($K:AC)),"<>") -> 11 | AF36: =COUNTIFS(인력관리!$E:$E,$L15,INDEX(인력관리!$K:$AN,,COLUMNS($K:AD)),"<>") -> 0 | AG36: =COUNTIFS(인력관리!$E:$E,$L15,INDEX(인력관리!$K:$AN,,COLUMNS($K:AE)),"<>") -> 11 | AH36: =COUNTIFS(인력관리!$E:$E,$L15,INDEX(인력관리!$K:$AN,,COLUMNS($K:AF)),"<>") -> 0 | AI36: =COUNTIFS(인력관리!$E:$E,$L15,INDEX(인력관리!$K:$AN,,COLUMNS($K:AG)),"<>") -> 11 | AJ36: =COUNTIFS(인력관리!$E:$E,$L15,INDEX(인력관리!$K:$AN,,COLUMNS($K:AH)),"<>") -> 0 | AK36: =COUNTIFS(인력관리!$E:$E,$L15,INDEX(인력관리!$K:$AN,,COLUMNS($K:AI)),"<>") -> 11 | AL36: =COUNTIFS(인력관리!$E:$E,$L15,INDEX(인력관리!$K:$AN,,COLUMNS($K:AJ)),"<>") -> 0 | AM36: =COUNTIFS(인력관리!$E:$E,$L15,INDEX(인력관리!$K:$AN,,COLUMNS($K:AK)),"<>") -> 11 | AN36: =COUNTIFS(인력관리!$E:$E,$L15,INDEX(인력관리!$K:$AN,,COLUMNS($K:AL)),"<>") -> 0 | AO36: =COUNTIFS(인력관리!$E:$E,$L15,INDEX(인력관리!$K:$AN,,COLUMNS($K:AM)),"<>") -> 0 | AP36: =COUNTIFS(인력관리!$E:$E,$L15,INDEX(인력관리!$K:$AN,,COLUMNS($K:AN)),"<>") -> 0 | AQ36: =M36+O36+Q36+S36+U36+W36+Y36+AA36+AC36+AE36+AG36+AI36+AK36+AM36+AO36 -> 93 | AR36: =N36+P36+R36+T36+V36+X36+Z36+AB36+AD36+AF36+AH36+AJ36+AL36+AN36+AP36 -> 8 | AS36: =AR36-AQ36 -> -85
L37: 골든플래닛 | M37: =COUNTIFS(인력관리!$E:$E,$L16,INDEX(인력관리!$K:$AN,,COLUMNS($K:K)),"<>") -> 0 | N37: =COUNTIFS(인력관리!$E:$E,$L16,INDEX(인력관리!$K:$AN,,COLUMNS($K:L)),"<>") -> 0 | O37: =COUNTIFS(인력관리!$E:$E,$L16,INDEX(인력관리!$K:$AN,,COLUMNS($K:M)),"<>") -> 0 | P37: =COUNTIFS(인력관리!$E:$E,$L16,INDEX(인력관리!$K:$AN,,COLUMNS($K:N)),"<>") -> 0 | Q37: =COUNTIFS(인력관리!$E:$E,$L16,INDEX(인력관리!$K:$AN,,COLUMNS($K:O)),"<>") -> 0 | R37: =COUNTIFS(인력관리!$E:$E,$L16,INDEX(인력관리!$K:$AN,,COLUMNS($K:P)),"<>") -> 0 | S37: =COUNTIFS(인력관리!$E:$E,$L16,INDEX(인력관리!$K:$AN,,COLUMNS($K:Q)),"<>") -> 0 | T37: =COUNTIFS(인력관리!$E:$E,$L16,INDEX(인력관리!$K:$AN,,COLUMNS($K:R)),"<>") -> 0 | U37: =COUNTIFS(인력관리!$E:$E,$L16,INDEX(인력관리!$K:$AN,,COLUMNS($K:S)),"<>") -> 0 | V37: =COUNTIFS(인력관리!$E:$E,$L16,INDEX(인력관리!$K:$AN,,COLUMNS($K:T)),"<>") -> 0 | W37: =COUNTIFS(인력관리!$E:$E,$L16,INDEX(인력관리!$K:$AN,,COLUMNS($K:U)),"<>") -> 1 | X37: =COUNTIFS(인력관리!$E:$E,$L16,INDEX(인력관리!$K:$AN,,COLUMNS($K:V)),"<>") -> 0 | Y37: =COUNTIFS(인력관리!$E:$E,$L16,INDEX(인력관리!$K:$AN,,COLUMNS($K:W)),"<>") -> 1 | Z37: =COUNTIFS(인력관리!$E:$E,$L16,INDEX(인력관리!$K:$AN,,COLUMNS($K:X)),"<>") -> 0 | AA37: =COUNTIFS(인력관리!$E:$E,$L16,INDEX(인력관리!$K:$AN,,COLUMNS($K:Y)),"<>") -> 1 | AB37: =COUNTIFS(인력관리!$E:$E,$L16,INDEX(인력관리!$K:$AN,,COLUMNS($K:Z)),"<>") -> 0 | AC37: =COUNTIFS(인력관리!$E:$E,$L16,INDEX(인력관리!$K:$AN,,COLUMNS($K:AA)),"<>") -> 1 | AD37: =COUNTIFS(인력관리!$E:$E,$L16,INDEX(인력관리!$K:$AN,,COLUMNS($K:AB)),"<>") -> 0 | AE37: =COUNTIFS(인력관리!$E:$E,$L16,INDEX(인력관리!$K:$AN,,COLUMNS($K:AC)),"<>") -> 1 | AF37: =COUNTIFS(인력관리!$E:$E,$L16,INDEX(인력관리!$K:$AN,,COLUMNS($K:AD)),"<>") -> 0 | AG37: =COUNTIFS(인력관리!$E:$E,$L16,INDEX(인력관리!$K:$AN,,COLUMNS($K:AE)),"<>") -> 1 | AH37: =COUNTIFS(인력관리!$E:$E,$L16,INDEX(인력관리!$K:$AN,,COLUMNS($K:AF)),"<>") -> 0 | AI37: =COUNTIFS(인력관리!$E:$E,$L16,INDEX(인력관리!$K:$AN,,COLUMNS($K:AG)),"<>") -> 1 | AJ37: =COUNTIFS(인력관리!$E:$E,$L16,INDEX(인력관리!$K:$AN,,COLUMNS($K:AH)),"<>") -> 0 | AK37: =COUNTIFS(인력관리!$E:$E,$L16,INDEX(인력관리!$K:$AN,,COLUMNS($K:AI)),"<>") -> 0 | AL37: =COUNTIFS(인력관리!$E:$E,$L16,INDEX(인력관리!$K:$AN,,COLUMNS($K:AJ)),"<>") -> 0 | AM37: =COUNTIFS(인력관리!$E:$E,$L16,INDEX(인력관리!$K:$AN,,COLUMNS($K:AK)),"<>") -> 0 | AN37: =COUNTIFS(인력관리!$E:$E,$L16,INDEX(인력관리!$K:$AN,,COLUMNS($K:AL)),"<>") -> 0 | AO37: =COUNTIFS(인력관리!$E:$E,$L16,INDEX(인력관리!$K:$AN,,COLUMNS($K:AM)),"<>") -> 0 | AP37: =COUNTIFS(인력관리!$E:$E,$L16,INDEX(인력관리!$K:$AN,,COLUMNS($K:AN)),"<>") -> 0 | AQ37: =M37+O37+Q37+S37+U37+W37+Y37+AA37+AC37+AE37+AG37+AI37+AK37+AM37+AO37 -> 7 | AR37: =N37+P37+R37+T37+V37+X37+Z37+AB37+AD37+AF37+AH37+AJ37+AL37+AN37+AP37 -> 0 | AS37: =AR37-AQ37 -> -7
... L41: 컨넥티드 | M41: =COUNTIFS(인력관리!$E:$E,$L20,INDEX(인력관리!$K:$AN,,COLUMNS($K:K)),"<>") -> 0 | N41: =COUNTIFS(인력관리!$E:$E,$L20,INDEX(인력관리!$K:$AN,,COLUMNS($K:L)),"<>") -> 0 | O41: =COUNTIFS(인력관리!$E:$E,$L20,INDEX(인력관리!$K:$AN,,COLUMNS($K:M)),"<>") -> 0 | P41: =COUNTIFS(인력관리!$E:$E,$L20,INDEX(인력관리!$K:$AN,,COLUMNS($K:N)),"<>") -> 0 | Q41: =COUNTIFS(인력관리!$E:$E,$L20,INDEX(인력관리!$K:$AN,,COLUMNS($K:O)),"<>") -> 0 | R41: =COUNTIFS(인력관리!$E:$E,$L20,INDEX(인력관리!$K:$AN,,COLUMNS($K:P)),"<>") -> 0 | S41: =COUNTIFS(인력관리!$E:$E,$L20,INDEX(인력관리!$K:$AN,,COLUMNS($K:Q)),"<>") -> 0 | T41: =COUNTIFS(인력관리!$E:$E,$L20,INDEX(인력관리!$K:$AN,,COLUMNS($K:R)),"<>") -> 0 | U41: =COUNTIFS(인력관리!$E:$E,$L20,INDEX(인력관리!$K:$AN,,COLUMNS($K:S)),"<>") -> 1 | V41: =COUNTIFS(인력관리!$E:$E,$L20,INDEX(인력관리!$K:$AN,,COLUMNS($K:T)),"<>") -> 1 | W41: =COUNTIFS(인력관리!$E:$E,$L20,INDEX(인력관리!$K:$AN,,COLUMNS($K:U)),"<>") -> 0 | X41: =COUNTIFS(인력관리!$E:$E,$L20,INDEX(인력관리!$K:$AN,,COLUMNS($K:V)),"<>") -> 0 | Y41: =COUNTIFS(인력관리!$E:$E,$L20,INDEX(인력관리!$K:$AN,,COLUMNS($K:W)),"<>") -> 0 | Z41: =COUNTIFS(인력관리!$E:$E,$L20,INDEX(인력관리!$K:$AN,,COLUMNS($K:X)),"<>") -> 0 | AA41: =COUNTIFS(인력관리!$E:$E,$L20,INDEX(인력관리!$K:$AN,,COLUMNS($K:Y)),"<>") -> 0 | AB41: =COUNTIFS(인력관리!$E:$E,$L20,INDEX(인력관리!$K:$AN,,COLUMNS($K:Z)),"<>") -> 0 | AC41: =COUNTIFS(인력관리!$E:$E,$L20,INDEX(인력관리!$K:$AN,,COLUMNS($K:AA)),"<>") -> 0 | AD41: =COUNTIFS(인력관리!$E:$E,$L20,INDEX(인력관리!$K:$AN,,COLUMNS($K:AB)),"<>") -> 0 | AE41: =COUNTIFS(인력관리!$E:$E,$L20,INDEX(인력관리!$K:$AN,,COLUMNS($K:AC)),"<>") -> 0 | AF41: =COUNTIFS(인력관리!$E:$E,$L20,INDEX(인력관리!$K:$AN,,COLUMNS($K:AD)),"<>") -> 0 | AG41: =COUNTIFS(인력관리!$E:$E,$L20,INDEX(인력관리!$K:$AN,,COLUMNS($K:AE)),"<>") -> 0 | AH41: =COUNTIFS(인력관리!$E:$E,$L20,INDEX(인력관리!$K:$AN,,COLUMNS($K:AF)),"<>") -> 0 | AI41: =COUNTIFS(인력관리!$E:$E,$L20,INDEX(인력관리!$K:$AN,,COLUMNS($K:AG)),"<>") -> 0 | AJ41: =COUNTIFS(인력관리!$E:$E,$L20,INDEX(인력관리!$K:$AN,,COLUMNS($K:AH)),"<>") -> 0 | AK41: =COUNTIFS(인력관리!$E:$E,$L20,INDEX(인력관리!$K:$AN,,COLUMNS($K:AI)),"<>") -> 0 | AL41: =COUNTIFS(인력관리!$E:$E,$L20,INDEX(인력관리!$K:$AN,,COLUMNS($K:AJ)),"<>") -> 0 | AM41: =COUNTIFS(인력관리!$E:$E,$L20,INDEX(인력관리!$K:$AN,,COLUMNS($K:AK)),"<>") -> 0 | AN41: =COUNTIFS(인력관리!$E:$E,$L20,INDEX(인력관리!$K:$AN,,COLUMNS($K:AL)),"<>") -> 0 | AO41: =COUNTIFS(인력관리!$E:$E,$L20,INDEX(인력관리!$K:$AN,,COLUMNS($K:AM)),"<>") -> 0 | AP41: =COUNTIFS(인력관리!$E:$E,$L20,INDEX(인력관리!$K:$AN,,COLUMNS($K:AN)),"<>") -> 0 | AQ41: =M41+O41+Q41+S41+U41+W41+Y41+AA41+AC41+AE41+AG41+AI41+AK41+AM41+AO41 -> 1 | AR41: =N41+P41+R41+T41+V41+X41+Z41+AB41+AD41+AF41+AH41+AJ41+AL41+AN41+AP41 -> 1 | AS41: =AR41-AQ41 -> 0
L42: 총계 | M42: =SUM(M26:M40) -> 58 | N42: =SUM(N26:N40) -> 61 | O42: =SUM(O26:O40) -> 88 | P42: =SUM(P26:P40) -> 89 | Q42: =SUM(Q26:Q40) -> 114 | R42: =SUM(R26:R40) -> 111 | S42: =SUM(S26:S40) -> 132 | T42: =SUM(T26:T40) -> 135 | ... AP42: =SUM(AP26:AP40) -> 0 | AQ42: =SUM(AQ26:AQ41) -> 2053 | AR42: =SUM(AR26:AR41) -> 552 | AS42: =SUM(AS26:AS41) -> -1501
L45: 주간보고 (M/M)
L46: 협력사 | M46: 2월 | O46: 3월 | Q46: 4월 | S46: 5월 | U46: 6월 | W46: 7월 | Y46: 8월 | AA46: 9월 | AC46: 10월 | AE46: 11월 | AG46: 12월 | AI46: 1월 | AK46: 2월 | AM46: 3월 | AO46: 4월 | AQ46: 총계 | AS46: 차이 (실적-계획)
M47: 계획 | N47: 실적 | O47: 계획 | P47: 실적 | Q47: 계획 | R47: 실적 | S47: 계획 | T47: 실적 | U47: 계획 | V47: 실적 | W47: 계획 | X47: 실적 | Y47: 계획 | Z47: 실적 | AA47: 계획 | AB47: 실적 | AC47: 계획 | AD47: 실적 | AE47: 계획 | AF47: 실적 | AG47: 계획 | AH47: 실적 | AI47: 계획 | AJ47: 실적 | AK47: 계획 | AL47: 실적 | AM47: 계획 | AN47: 실적 | AO47: 계획 | AP47: 실적 | AQ47: 계획 | AR47: 실적
L48: kt ds | M48: =M5*$N$1 -> 13.75 | N48: =N5 -> 17 | O48: =O5*$N$1 -> 16.5 | P48: =P5 -> 18.5 | Q48: =Q5*$R$1 -> 17.5 | R48: =R5 -> 19.75 | S48: =S5*$T$1 -> 16.7 | T48: =T5 -> 20.29 | U48: =U5*$V$1 -> 3.6 | V48: =V5 -> 15.6 | W48: =W5*$N$1 -> 23 | X48: =X5 -> 0 | Y48: =Y5*$N$1 -> 25.5 | Z48: =Z5 -> 0 | AA48: =AA5*$N$1 -> 24.5 | AB48: =AB5 -> 0 | AC48: =AC5*$N$1 -> 26 | AD48: =AD5 -> 0 | AE48: =AE5*$N$1 -> 30 | AF48: =AF5 -> 0 | AG48: =AG5*$N$1 -> 29.5 | AH48: =AH5 -> 0 | AI48: =AI5*$N$1 -> 27.5 | AJ48: =AJ5 -> 0 | AK48: =AK5*$N$1 -> 21.2 | AL48: =AL5 -> 0 | AM48: =AM5*$N$1 -> 18 | AN48: =AN5 -> 0 | AO48: =AO5*$N$1 -> 11.8 | AP48: =AP5 -> 0 | AQ48: =M48+O48+Q48+S48+U48+W48+Y48+AA48+AC48+AE48+AG48+AI48+AK48+AM48+AO48 -> 305.05 | AR48: =N48+P48+R48+T48+V48+X48+Z48+AB48+AD48+AF48+AH48+AJ48+AL48+AN48+AP48 -> 91.14 | AS48: =AR48-AQ48 -> -213.91
L49: SGSecurity | M49: =M6*$N$1 -> 0 | N49: =N6 -> 0 | O49: =O6*$N$1 -> 0.5 | P49: =P6 -> 0.5 | Q49: =Q6*$R$1 -> 0.5 | R49: =R6 -> 0.5 | S49: =S6*$T$1 -> 0.75 | T49: =T6 -> 0.75 | U49: =U6*$V$1 -> 0.1 | V49: =V6 -> 0 | W49: =W6*$N$1 -> 0 | X49: =X6 -> 0 | Y49: =Y6*$N$1 -> 0 | Z49: =Z6 -> 0 | AA49: =AA6*$N$1 -> 0.75 | AB49: =AB6 -> 0 | AC49: =AC6*$N$1 -> 0 | AD49: =AD6 -> 0 | AE49: =AE6*$N$1 -> 1.75 | AF49: =AF6 -> 0 | AG49: =AG6*$N$1 -> 2.5 | AH49: =AH6 -> 0 | AI49: =AI6*$N$1 -> 0 | AJ49: =AJ6 -> 0 | AK49: =AK6*$N$1 -> 0 | AL49: =AL6 -> 0 | AM49: =AM6*$N$1 -> 0 | AN49: =AN6 -> 0 | AO49: =AO6*$N$1 -> 0 | AP49: =AP6 -> 0 | AQ49: =M49+O49+Q49+S49+U49+W49+Y49+AA49+AC49+AE49+AG49+AI49+AK49+AM49+AO49 -> 6.85 | AR49: =N49+P49+R49+T49+V49+X49+Z49+AB49+AD49+AF49+AH49+AJ49+AL49+AN49+AP49 -> 1.75 | AS49: =AR49-AQ49 -> -5.1
L50: 비플컨설팅 | M50: =M7*$N$1 -> 0 | N50: =N7 -> 0 | O50: =O7*$N$1 -> 0 | P50: =P7 -> 0 | Q50: =Q7*$R$1 -> 0 | R50: =R7 -> 0 | S50: =S7*$T$1 -> 1.25 | T50: =T7 -> 1.3 | U50: =U7*$V$1 -> 1 | V50: =V7 -> 3 | W50: =W7*$N$1 -> 7 | X50: =X7 -> 0 | Y50: =Y7*$N$1 -> 7 | Z50: =Z7 -> 0 | AA50: =AA7*$N$1 -> 7 | AB50: =AB7 -> 0 | AC50: =AC7*$N$1 -> 7.5 | AD50: =AD7 -> 0 | AE50: =AE7*$N$1 -> 8 | AF50: =AF7 -> 0 | AG50: =AG7*$N$1 -> 7.5 | AH50: =AH7 -> 0 | AI50: =AI7*$N$1 -> 7 | AJ50: =AJ7 -> 0 | AK50: =AK7*$N$1 -> 7 | AL50: =AL7 -> 0 | AM50: =AM7*$N$1 -> 4.5 | AN50: =AN7 -> 0 | AO50: =AO7*$N$1 -> 1.25 | AP50: =AP7 -> 0 | AQ50: =M50+O50+Q50+S50+U50+W50+Y50+AA50+AC50+AE50+AG50+AI50+AK50+AM50+AO50 -> 66 | AR50: =N50+P50+R50+T50+V50+X50+Z50+AB50+AD50+AF50+AH50+AJ50+AL50+AN50+AP50 -> 4.3 | AS50: =AR50-AQ50 -> -61.7
L51: 이너웨이브 | M51: =M8*$N$1 -> 2 | N51: =N8 -> 2 | O51: =O8*$N$1 -> 2 | P51: =P8 -> 2 | Q51: =Q8*$R$1 -> 5 | R51: =R8 -> 5 | S51: =S8*$T$1 -> 5 | T51: =T8 -> 5 | U51: =U8*$V$1 -> 1 | V51: =V8 -> 3 | W51: =W8*$N$1 -> 5 | X51: =X8 -> 0 | Y51: =Y8*$N$1 -> 4 | Z51: =Z8 -> 0 | AA51: =AA8*$N$1 -> 3 | AB51: =AB8 -> 0 | AC51: =AC8*$N$1 -> 3 | AD51: =AD8 -> 0 | AE51: =AE8*$N$1 -> 3 | AF51: =AF8 -> 0 | AG51: =AG8*$N$1 -> 2 | AH51: =AH8 -> 0 | AI51: =AI8*$N$1 -> 2 | AJ51: =AJ8 -> 0 | AK51: =AK8*$N$1 -> 2 | AL51: =AL8 -> 0 | AM51: =AM8*$N$1 -> 2 | AN51: =AN8 -> 0 | AO51: =AO8*$N$1 -> 2 | AP51: =AP8 -> 0 | AQ51: =M51+O51+Q51+S51+U51+W51+Y51+AA51+AC51+AE51+AG51+AI51+AK51+AM51+AO51 -> 43 | AR51: =N51+P51+R51+T51+V51+X51+Z51+AB51+AD51+AF51+AH51+AJ51+AL51+AN51+AP51 -> 17 | AS51: =AR51-AQ51 -> -26
L52: 바이널씨 | M52: =M9*$N$1 -> 6.5 | N52: =N9 -> 6.5 | O52: =O9*$N$1 -> 12 | P52: =P9 -> 12 | Q52: =Q9*$R$1 -> 17 | R52: =R9 -> 19 | S52: =S9*$T$1 -> 17 | T52: =T9 -> 19 | U52: =U9*$V$1 -> 3.4 | V52: =V9 -> 13.8 | W52: =W9*$N$1 -> 17 | X52: =X9 -> 0 | Y52: =Y9*$N$1 -> 17 | Z52: =Z9 -> 0 | AA52: =AA9*$N$1 -> 15.75 | AB52: =AB9 -> 0 | AC52: =AC9*$N$1 -> 15 | AD52: =AD9 -> 0 | AE52: =AE9*$N$1 -> 11 | AF52: =AF9 -> 0 | AG52: =AG9*$N$1 -> 7.5 | AH52: =AH9 -> 0 | AI52: =AI9*$N$1 -> 6.25 | AJ52: =AJ9 -> 0 | AK52: =AK9*$N$1 -> 5.5 | AL52: =AL9 -> 0 | AM52: =AM9*$N$1 -> 5 | AN52: =AN9 -> 0 | AO52: =AO9*$N$1 -> 2.5 | AP52: =AP9 -> 0 | AQ52: =M52+O52+Q52+S52+U52+W52+Y52+AA52+AC52+AE52+AG52+AI52+AK52+AM52+AO52 -> 158.4 | AR52: =N52+P52+R52+T52+V52+X52+Z52+AB52+AD52+AF52+AH52+AJ52+AL52+AN52+AP52 -> 70.3 | AS52: =AR52-AQ52 -> -88.1
L53: 커머스웨어 | M53: =M10*$N$1 -> 16.75 | N53: =N10 -> 19 | O53: =O10*$N$1 -> 18 | P53: =P10 -> 22 | Q53: =Q10*$R$1 -> 19 | R53: =R10 -> 27.85 | S53: =S10*$T$1 -> 19 | T53: =T10 -> 29 | U53: =U10*$V$1 -> 8.2 | V53: =V10 -> 24.6 | W53: =W10*$N$1 -> 43.5 | X53: =X10 -> 0 | Y53: =Y10*$N$1 -> 46 | Z53: =Z10 -> 0 | AA53: =AA10*$N$1 -> 46 | AB53: =AB10 -> 0 | AC53: =AC10*$N$1 -> 46 | AD53: =AD10 -> 0 | AE53: =AE10*$N$1 -> 46 | AF53: =AF10 -> 0 | AG53: =AG10*$N$1 -> 46 | AH53: =AH10 -> 0 | AI53: =AI10*$N$1 -> 46 | AJ53: =AJ10 -> 0 | AK53: =AK10*$N$1 -> 46 | AL53: =AL10 -> 0 | AM53: =AM10*$N$1 -> 46 | AN53: =AN10 -> 0 | AO53: =AO10*$N$1 -> 34 | AP53: =AP10 -> 0 | AQ53: =M53+O53+Q53+S53+U53+W53+Y53+AA53+AC53+AE53+AG53+AI53+AK53+AM53+AO53 -> 526.45 | AR53: =N53+P53+R53+T53+V53+X53+Z53+AB53+AD53+AF53+AH53+AJ53+AL53+AN53+AP53 -> 122.45 | AS53: =AR53-AQ53 -> -404
L54: 아이온 | M54: =M11*$N$1 -> 0 | N54: =N11 -> 0 | O54: =O11*$N$1 -> 0 | P54: =P11 -> 0 | Q54: =Q11*$R$1 -> 0 | R54: =R11 -> 0 | S54: =S11*$T$1 -> 0 | T54: =T11 -> 0 | U54: =U11*$V$1 -> 0 | V54: =V11 -> 0 | W54: =W11*$N$1 -> 0 | X54: =X11 -> 0 | Y54: =Y11*$N$1 -> 0 | Z54: =Z11 -> 0 | AA54: =AA11*$N$1 -> 0 | AB54: =AB11 -> 0 | AC54: =AC11*$N$1 -> 0 | AD54: =AD11 -> 0 | AE54: =AE11*$N$1 -> 0 | AF54: =AF11 -> 0 | AG54: =AG11*$N$1 -> 0 | AH54: =AH11 -> 0 | AI54: =AI11*$N$1 -> 0 | AJ54: =AJ11 -> 0 | AK54: =AK11*$N$1 -> 0 | AL54: =AL11 -> 0 | AM54: =AM11*$N$1 -> 0 | AN54: =AN11 -> 0 | AO54: =AO11*$N$1 -> 0 | AP54: =AP11 -> 0 | AQ54: =M54+O54+Q54+S54+U54+W54+Y54+AA54+AC54+AE54+AG54+AI54+AK54+AM54+AO54 -> 0 | AR54: =N54+P54+R54+T54+V54+X54+Z54+AB54+AD54+AF54+AH54+AJ54+AL54+AN54+AP54 -> 0 | AS54: =AR54-AQ54 -> 0
L55: 씨엔씨네트웍스 | M55: =M12*$N$1 -> 2 | N55: =N12 -> 2 | O55: =O12*$N$1 -> 3.4 | P55: =P12 -> 3.4 | Q55: =Q12*$R$1 -> 4 | R55: =R12 -> 4.5 | S55: =S12*$T$1 -> 5.4 | T55: =T12 -> 8.4 | U55: =U12*$V$1 -> 1.8 | V55: =V12 -> 5.4 | W55: =W12*$N$1 -> 9 | X55: =X12 -> 0 | Y55: =Y12*$N$1 -> 7 | Z55: =Z12 -> 0 | AA55: =AA12*$N$1 -> 7 | AB55: =AB12 -> 0 | AC55: =AC12*$N$1 -> 6.5 | AD55: =AD12 -> 0 | AE55: =AE12*$N$1 -> 6 | AF55: =AF12 -> 0 | AG55: =AG12*$N$1 -> 6 | AH55: =AH12 -> 0 | AI55: =AI12*$N$1 -> 3 | AJ55: =AJ12 -> 0 | AK55: =AK12*$N$1 -> 2.3 | AL55: =AL12 -> 0 | AM55: =AM12*$N$1 -> 1 | AN55: =AN12 -> 0 | AO55: =AO12*$N$1 -> 0.5 | AP55: =AP12 -> 0 | AQ55: =M55+O55+Q55+S55+U55+W55+Y55+AA55+AC55+AE55+AG55+AI55+AK55+AM55+AO55 -> 64.9 | AR55: =N55+P55+R55+T55+V55+X55+Z55+AB55+AD55+AF55+AH55+AJ55+AL55+AN55+AP55 -> 23.7 | AS55: =AR55-AQ55 -> -41.2
L56: 투비소프트 | M56: =M13*$N$1 -> 2.75 | N56: =N13 -> 2.75 | O56: =O13*$N$1 -> 7.45 | P56: =P13 -> 6.4 | Q56: =Q13*$R$1 -> 11.35 | R56: =R13 -> 12.3 | S56: =S13*$T$1 -> 17.05 | T56: =T13 -> 18.1 | U56: =U13*$V$1 -> 3.3 | V56: =V13 -> 10.2 | W56: =W13*$N$1 -> 22 | X56: =X13 -> 0 | Y56: =Y13*$N$1 -> 21 | Z56: =Z13 -> 0 | AA56: =AA13*$N$1 -> 17.95 | AB56: =AB13 -> 0 | AC56: =AC13*$N$1 -> 17 | AD56: =AD13 -> 0 | AE56: =AE13*$N$1 -> 17 | AF56: =AF13 -> 0 | AG56: =AG13*$N$1 -> 18 | AH56: =AH13 -> 0 | AI56: =AI13*$N$1 -> 17.5 | AJ56: =AJ13 -> 0 | AK56: =AK13*$N$1 -> 15 | AL56: =AL13 -> 0 | AM56: =AM13*$N$1 -> 6.25 | AN56: =AN13 -> 0 | AO56: =AO13*$N$1 -> 0 | AP56: =AP13 -> 0 | AQ56: =M56+O56+Q56+S56+U56+W56+Y56+AA56+AC56+AE56+AG56+AI56+AK56+AM56+AO56 -> 193.6 | AR56: =N56+P56+R56+T56+V56+X56+Z56+AB56+AD56+AF56+AH56+AJ56+AL56+AN56+AP56 -> 49.75 | AS56: =AR56-AQ56 -> -143.85
L57: A&T | M57: =M14*$N$1 -> 4 | N57: =N14 -> 4 | O57: =O14*$N$1 -> 5 | P57: =P14 -> 5 | Q57: =Q14*$R$1 -> 6 | R57: =R14 -> 5.05 | S57: =S14*$T$1 -> 7 | T57: =T14 -> 7 | U57: =U14*$V$1 -> 1.9 | V57: =V14 -> 5.4 | W57: =W14*$N$1 -> 10 | X57: =X14 -> 0 | Y57: =Y14*$N$1 -> 10 | Z57: =Z14 -> 0 | AA57: =AA14*$N$1 -> 10 | AB57: =AB14 -> 0 | AC57: =AC14*$N$1 -> 10 | AD57: =AD14 -> 0 | AE57: =AE14*$N$1 -> 9.5 | AF57: =AF14 -> 0 | AG57: =AG14*$N$1 -> 7 | AH57: =AH14 -> 0 | AI57: =AI14*$N$1 -> 6 | AJ57: =AJ14 -> 0 | AK57: =AK14*$N$1 -> 6 | AL57: =AL14 -> 0 | AM57: =AM14*$N$1 -> 4 | AN57: =AN14 -> 0 | AO57: =AO14*$N$1 -> 4 | AP57: =AP14 -> 0 | AQ57: =M57+O57+Q57+S57+U57+W57+Y57+AA57+AC57+AE57+AG57+AI57+AK57+AM57+AO57 -> 100.4 | AR57: =N57+P57+R57+T57+V57+X57+Z57+AB57+AD57+AF57+AH57+AJ57+AL57+AN57+AP57 -> 26.45 | AS57: =AR57-AQ57 -> -73.95
L58: 오브젠 | M58: =M15*$N$1 -> 0 | N58: =N15 -> 0 | O58: =O15*$N$1 -> 0.4 | P58: =P15 -> 0.4 | Q58: =Q15*$R$1 -> 0.4 | R58: =R15 -> 0.4 | S58: =S15*$T$1 -> 0.4 | T58: =T15 -> 0.4 | U58: =U15*$V$1 -> 0.08 | V58: =V15 -> 0 | W58: =W15*$N$1 -> 0.4 | X58: =X15 -> 0 | Y58: =Y15*$N$1 -> 6 | Z58: =Z15 -> 0 | AA58: =AA15*$N$1 -> 11 | AB58: =AB15 -> 0 | AC58: =AC15*$N$1 -> 11 | AD58: =AD15 -> 0 | AE58: =AE15*$N$1 -> 10 | AF58: =AF15 -> 0 | AG58: =AG15*$N$1 -> 10 | AH58: =AH15 -> 0 | AI58: =AI15*$N$1 -> 10 | AJ58: =AJ15 -> 0 | AK58: =AK15*$N$1 -> 10 | AL58: =AL15 -> 0 | AM58: =AM15*$N$1 -> 10 | AN58: =AN15 -> 0 | AO58: =AO15*$N$1 -> 0 | AP58: =AP15 -> 0 | AQ58: =M58+O58+Q58+S58+U58+W58+Y58+AA58+AC58+AE58+AG58+AI58+AK58+AM58+AO58 -> 79.68 | AR58: =N58+P58+R58+T58+V58+X58+Z58+AB58+AD58+AF58+AH58+AJ58+AL58+AN58+AP58 -> 1.2 | AS58: =AR58-AQ58 -> -78.48
L59: 골든플래닛 | M59: =M16*$N$1 -> 0 | N59: =N16 -> 0 | O59: =O16*$N$1 -> 0 | P59: =P16 -> 0 | Q59: =Q16*$R$1 -> 0 | R59: =R16 -> 0 | S59: =S16*$T$1 -> 0 | T59: =T16 -> 0 | U59: =U16*$V$1 -> 0 | V59: =V16 -> 0 | W59: =W16*$N$1 -> 1 | X59: =X16 -> 0 | Y59: =Y16*$N$1 -> 1 | Z59: =Z16 -> 0 | AA59: =AA16*$N$1 -> 1 | AB59: =AB16 -> 0 | AC59: =AC16*$N$1 -> 1 | AD59: =AD16 -> 0 | AE59: =AE16*$N$1 -> 1 | AF59: =AF16 -> 0 | AG59: =AG16*$N$1 -> 1 | AH59: =AH16 -> 0 | AI59: =AI16*$N$1 -> 0.3 | AJ59: =AJ16 -> 0 | AK59: =AK16*$N$1 -> 0 | AL59: =AL16 -> 0 | AM59: =AM16*$N$1 -> 0 | AN59: =AN16 -> 0 | AO59: =AO16*$N$1 -> 0 | AP59: =AP16 -> 0 | AQ59: =M59+O59+Q59+S59+U59+W59+Y59+AA59+AC59+AE59+AG59+AI59+AK59+AM59+AO59 -> 6.3 | AR59: =N59+P59+R59+T59+V59+X59+Z59+AB59+AD59+AF59+AH59+AJ59+AL59+AN59+AP59 -> 0 | AS59: =AR59-AQ59 -> -6.3
... L63: 컨넥티드 | M63: =M20*$N$1 -> 0 | N63: =N20 -> 0 | O63: =O20*$N$1 -> 0 | P63: =P20 -> 0 | Q63: =Q20*$R$1 -> 0 | R63: =R20 -> 0 | S63: =S20*$T$1 -> 0 | T63: =T20 -> 0 | U63: =U20*$V$1 -> 0 | V63: =V20 -> 0.6 | W63: =W20*$N$1 -> 0 | X63: =X20 -> 0 | Y63: =Y20*$N$1 -> 0 | Z63: =Z20 -> 0 | AA63: =AA20*$N$1 -> 0 | AB63: =AB20 -> 0 | AC63: =AC20*$N$1 -> 0 | AD63: =AD20 -> 0 | AE63: =AE20*$N$1 -> 0 | AF63: =AF20 -> 0 | AG63: =AG20*$N$1 -> 0 | AH63: =AH20 -> 0 | AI63: =AI20*$N$1 -> 0 | AJ63: =AJ20 -> 0 | AK63: =AK20*$N$1 -> 0 | AL63: =AL20 -> 0 | AM63: =AM20*$N$1 -> 0 | AN63: =AN20 -> 0 | AO63: =AO20*$N$1 -> 0 | AP63: =AP20 -> 0 | AQ63: =M63+O63+Q63+S63+U63+W63+Y63+AA63+AC63+AE63+AG63+AI63+AK63+AM63+AO63 -> 0 | AR63: =N63+P63+R63+T63+V63+X63+Z63+AB63+AD63+AF63+AH63+AJ63+AL63+AN63+AP63 -> 0.6 | AS63: =AR63-AQ63 -> 0.6
L64: 총계 | M64: =+SUM(M48:M63) -> 48.75 | N64: =+SUM(N48:N63) -> 54.25 | O64: =+SUM(O48:O63) -> 69.25 | P64: =+SUM(P48:P63) -> 74.2 | Q64: =+SUM(Q48:Q63) -> 87.05 | R64: =+SUM(R48:R63) -> 100.4 | S64: =+SUM(S48:S63) -> 98.35 | T64: =+SUM(T48:T63) -> 120.24 | ... AS64: =+SUM(AS48:AS63) -> -1233.14
L65: ktds | M65: =M48 -> 13.75 | N65: =N48 -> 17 | O65: =O48*$P$1 -> 16.5 | P65: =P48 -> 18.5 | Q65: =Q48 -> 17.5 | R65: =R48 -> 19.75 | S65: =S48 -> 16.7 | T65: =T48 -> 20.29 | U65: =U48 -> 3.6 | V65: =V48 -> 15.6 | AQ65: =M65+O65+Q65+S65+U65+W65+Y65+AA65+AC65+AE65+AG65+AI65+AK65+AM65+AO65 -> 68.05 | AR65: =N65+P65+R65+T65+V65+X65+Z65+AB65+AD65+AF65+AH65+AJ65+AL65+AN65+AP65 -> 91.14 | AS65: =AR65-AQ65 -> 23.09
L66: 협력사 | M66: =M64-M65 -> 35 | N66: =N64-N65 -> 37.25 | O66: =(O64*$P$1)-O65 -> 52.75 | P66: =P64-P65 -> 55.7 | Q66: =Q64-Q65 -> 69.55 | R66: =R64-R65 -> 80.65 | S66: =S64-S65 -> 81.65 | T66: =T64-T65 -> 99.95 | U66: =U64-U65 -> 23.23 | V66: =V64-V65 -> 73.95 | AQ66: =M66+O66+Q66+S66+U66+W66+Y66+AA66+AC66+AE66+AG66+AI66+AK66+AM66+AO66 -> 262.18 | AR66: =N66+P66+R66+T66+V66+X66+Z66+AB66+AD66+AF66+AH66+AJ66+AL66+AN66+AP66 -> 347.5 | AS66: =AR66-AQ66 -> 85.32
L67: Diff(검산) | M67: =M64-M21*$N$1 -> 0 | N67: =N64-N21 -> 0 | O67: =(O64-O21)*$P$1 -> 0 | P67: =P64-P21 -> 0 | Q67: =Q64-Q21*$R$1 -> 0 | R67: =R64-R21 -> 0 | S67: =S64-S21*$N$1 -> 0 | T67: =T64-T21 -> 0 | U67: =U64-U21*$N$1 -> -107.32 | V67: =V64-V21 -> 0 | W67: =W64-W21*$N$1 -> 0 | X67: =X64-X21 -> 0 | Y67: =Y64-Y21*$N$1 -> 0 | Z67: =Z64-Z21 -> 0 | AA67: =AA64-AA21*$N$1 -> 0 | AB67: =AB64-AB21 -> 0 | AC67: =AC64-AC21*$N$1 -> 0 | AD67: =AD64-AD21 -> 0 | AE67: =AE64-AE21*$N$1 -> 0 | AF67: =AF64-AF21 -> 0 | AG67: =AG64-AG21*$N$1 -> 0 | AH67: =AH64-AH21 -> 0 | AI67: =AI64-AI21*$N$1 -> 0 | AJ67: =AJ64-AJ21 -> 0 | AK67: =AK64-AK21*$N$1 -> 0 | AL67: =AL64-AL21 -> 0 | AM67: =AM64-AM21*$N$1 -> 0 | AN67: =AN64-AN21 -> 0 | AO67: =AO64-AO21*$N$1 -> 0 | AP67: =AP64-AP21 -> 0 | AQ67: =AQ65+AQ66 -> 330.23 | AR67: =AR65+AR66 -> 438.64 | AS67: =AS65+AS66 -> 108.41
L69: 실적-계획
L70: 총합 | N70: =N64-M64 -> 5.5 | O70: =O65+O66 -> 69.25 | P70: =P65+P66 -> 74.2
L71: ktds | N71: =N65-M65 -> 3.25 | O71: =O65 -> 16.5 | P71: =P65 -> 18.5
L72: 협력사 | N72: =N66-M66 -> 2.25 | O72: =O66 -> 52.75 | P72: =P66 -> 55.7
N73: =N70-N71-N72 -> 0 | P73: =P70-O70 -> 4.95

Sheet 인력관리
K1: 주간 산출비율: | L1: 1 | M1: 1 | N1: 1 | O1: 1 | P1: 1 | Q1: 1 | R1: 1 | S1: 1 | T1: 0.6
B2: 대분류 | C2: 중분류 | D2: 등급 | E2: 수행사 | F2: 성명 | G2: 특이사항 | H2: 투입일 | I2: 철수 예정일 | J2: M+0 | K2: M+1 | M2: M+2 | O2: M+3 | Q2: M+4 | S2: M+5 | U2: M+6 | W2: M+7 | Y2: M+8 | AA2: M+9 | AC2: M+10 | AE2: M+11 | AG2: M+12 | AI2: M+13 | AK2: M+14 | AM2: M+15 | AO2: 소계 | AR2: 비고
I3: 철수일 | J3: 분석/설계 | S3: 개발 및 단위테스트 | AE3: 통합테스트 | AK3: 오픈/안정화
K4: 2월 | M4: 3월 | O4: 4월 | Q4: 5월 | S4: 6월 | U4: 7월 | W4: 8월 | Y4: 9월 | AA4: 10월 | AC4: 11월 | AE4: 12월 | AG4: 1월 | AI4: 2월 | AK4: 3월 | AM4: 4월
J5: 1월 | K5: 계획 | L5: 실적 | M5: 계획 | N5: 실적 | O5: 계획 | P5: 실적 | Q5: 계획 | R5: 실적 | S5: 계획 | T5: 실적 | U5: 계획 | V5: 실적 | W5: 계획 | X5: 실적 | Y5: 계획 | Z5: 실적 | AA5: 계획 | AB5: 실적 | AC5: 계획 | AD5: 실적 | AE5: 계획 | AF5: 실적 | AG5: 계획 | AH5: 실적 | AI5: 계획 | AJ5: 실적 | AK5: 계획 | AL5: 실적 | AM5: 계획 | AN5: 실적 | AO5: 계획 | AP5: 실적 | AQ5: 차이 | AS5: as-is | AT5: 변경계약 | AV5: 기존 공수 차이
B6: 프로젝트관리 | C6: PM | D6: 특급 | E6: kt ds | F6: 박순영 | H6: 45692 | I6: 46142 | K6: 1 | L6: =K6*L$1 -> 1 | M6: 1 | N6: =M6*N$1 -> 1 | O6: 1 | P6: =$P$1*O6 -> 1 | Q6: 1 | R6: =$Q$1*Q6 -> 1 | S6: 1 | T6: =$T$1*S6 -> 0.6 | U6: 1 | W6: 1 | Y6: 1 | AA6: 1 | AC6: 1 | AE6: 1 | AG6: 1 | AI6: 1 | AK6: 1 | AM6: 1 | AO6: =+K6+M6+O6+Q6+S6+U6+W6+Y6+AA6+AC6+AE6+AG6+AI6+AK6+AM6 -> 15 | AP6: =+L6+N6+P6+R6+T6+V6+X6+Z6+AB6+AD6+AF6+AH6+AJ6+AL6+AN6 -> 4.6 | AQ6: =AO6-AP6 -> 10.4 | AR6: v
C7: 사업관리 (계약, 보고서+ 일정수립) | D7: 특급 | E7: kt ds | F7: 장영진 | G7: 철수 | H7: 45677 | I7: 45744 | K7: 1 | L7: =K7*$L$1 -> 1 | M7: 0.5 | N7: 0.5 | AO7: =+K7+M7+O7+Q7+S7+U7+W7+Y7+AA7+AC7+AE7+AG7+AI7+AK7+AM7 -> 1.5 | AP7: =+L7+N7+P7+R7+T7+V7+X7+Z7+AB7+AD7+AF7+AH7+AJ7+AL7+AN7 -> 1.5 | AQ7: =AO7-AP7 -> 0 | AR7: v
C8: 사업관리 (계약, 보고서+ 일정수립) | D8: 고급 | E8: kt ds | F8: 지종진 | H8: 45726 | I8: 46142 | M8: 0.5 | N8: =M8*N$1 -> 0.5 | O8: 1 | P8: =$P$1*O8 -> 1 | Q8: 1 | R8: =$Q$1*Q8 -> 1 | S8: 1 | T8: =$T$1*S8 -> 0.6 | U8: 1 | W8: 1 | Y8: 1 | AA8: 1 | AC8: 1 | AE8: 1 | AG8: 1 | AI8: 1 | AK8: 1 | AM8: 1 | AO8: =+K8+M8+O8+Q8+S8+U8+W8+Y8+AA8+AC8+AE8+AG8+AI8+AK8+AM8 -> 13.5 | AP8: =+L8+N8+P8+R8+T8+V8+X8+Z8+AB8+AD8+AF8+AH8+AJ8+AL8+AN8 -> 3.1 | AQ8: =AO8-AP8 -> 10.4 | AR8: v
C9: 사업관리 (인원관리, 예약관리) | D9: 초급 | E9: kt ds | F9: 김지영1 | H9: 45692 | I9: 45838 | K9: 1 | L9: =K9*$L$1 -> 1 | M9: 1 | N9: =M9*N$1 -> 1 | O9: 1 | P9: =$P$1*O9 -> 1 | Q9: 1 | R9: =$Q$1*Q9 -> 1 | S9: 1 | T9: =$T$1*S9 -> 0.6 | AO9: =+K9+M9+O9+Q9+S9+U9+W9+Y9+AA9+AC9+AE9+AG9+AI9+AK9+AM9 -> 5 | AP9: =+L9+N9+P9+R9+T9+V9+X9+Z9+AB9+AD9+AF9+AH9+AJ9+AL9+AN9 -> 4.6 | AQ9: =AO9-AP9 -> 0.4 | AR9: v
C10: 사업관리 (인원관리, 예약관리) | D10: 특급 | E10: kt ds | F10: 박순복 | G10: kt ds -> 너우리시스템 | H10: 45824 | I10: 46142 | S10: 0 | T10: =$T$1 -> 0.6 | U10: 1 | W10: 1 | Y10: 1 | AA10: 1 | AC10: 1 | AE10: 1 | AG10: 1 | AI10: 1 | AK10: 1 | AM10: 0 | AO10: =+K10+M10+O10+Q10+S10+U10+W10+Y10+AA10+AC10+AE10+AG10+AI10+AK10+AM10 -> 9 | AP10: =+L10+N10+P10+R10+T10+V10+X10+Z10+AB10+AD10+AF10+AH10+AJ10+AL10+AN10 -> 0.6 | AQ10: =AO10-AP10 -> 8.4 | AR10: v
C11: 사업관리(이슈,변화관리,테스트 ) | D11: 특급 | E11: kt ds | F11: 김철 | G11: 철수 | H11: 45763 | I11: 45777 | O11: 0 | P11: 0.25 | Q11: 0 | R11: =R$1*Q1 -> 1 | AO11: =+K11+M11+O11+Q11+S11+U11+W11+Y11+AA11+AC11+AE11+AG11+AI11+AK11+AM11 -> 0 | AP11: =+L11+N11+P11+R11+T11+V11+X11+Z11+AB11+AD11+AF11+AH11+AJ11+AL11+AN11 -> 1.25 | AQ11: =AO11-AP11 -> -1.25 | AR11: v
C12: 품질/QA (산출물, 레드마인, 품질관리) | D12: 특급 | E12: kt ds | F12: 이상욱 | H12: 45677 | I12: 46112 | K12: 1 | L12: 1 | M12: 1 | N12: =M12*N$1 -> 1 | O12: 1 | P12: =$P$1*O12 -> 1 | Q12: 1 | R12: =$Q$1*Q12 -> 1 | S12: 1 | T12: =$T$1*S12 -> 0.6 | U12: 1 | W12: 1 | Y12: 1 | AA12: 1 | AC12: 1 | AE12: 1 | AG12: 1 | AI12: 1 | AK12: 1 | AO12: =+K12+M12+O12+Q12+S12+U12+W12+Y12+AA12+AC12+AE12+AG12+AI12+AK12+AM12 -> 14 | AP12: =+L12+N12+P12+R12+T12+V12+X12+Z12+AB12+AD12+AF12+AH12+AJ12+AL12+AN12 -> 4.6 | AQ12: =AO12-AP12 -> 9.4 | AR12: v
C13: 사업관리(이슈,리스크,범위관리 ) | D13: 특급 | E13: kt ds | F13: 김정현 | G13: 비상주 | H13: 45692 | I13: 46112 | L13: =2/20 -> 0.1 | AO13: =+K13+M13+O13+Q13+S13+U13+W13+Y13+AA13+AC13+AE13+AG13+AI13+AK13+AM13 -> 0 | AP13: =+L13+N13+P13+R13+T13+V13+X13+Z13+AB13+AD13+AF13+AH13+AJ13+AL13+AN13 -> 0.1 | AQ13: =AO13-AP13 -> -0.1 | AR13: v
C14: 사업관리(이슈,리스크,범위관리 ) | D14: 특급 | E14: kt ds | F14: 최성락 | G14: 비상주 | H14: 45692 | I14: 46112 | L14: 0.15 | AO14: =+K14+M14+O14+Q14+S14+U14+W14+Y14+AA14+AC14+AE14+AG14+AI14+AK14+AM14 -> 0 | AP14: =+L14+N14+P14+R14+T14+V14+X14+Z14+AB14+AD14+AF14+AH14+AJ14+AL14+AN14 -> 0.15 | AQ14: =AO14-AP14 -> -0.15 | AR14: v
C15: 사업관리(이슈,변화관리,테스트 ) | D15: 고급 | E15: kt ds | F15: 오승호 | H15: 45803 | I15: 46142 | Q15: 0.2 | R15: 0.2 | S15: 1 | T15: =$T$1*S15 -> 0.6 | U15: 1 | W15: 1 | Y15: 1 | AA15: 1 | AC15: 1 | AE15: 1 | AG15: 1 | AI15: 1 | AK15: 1 | AM15: 0.8 | AO15: =+K15+M15+O15+Q15+S15+U15+W15+Y15+AA15+AC15+AE15+AG15+AI15+AK15+AM15 -> 11 | AP15: =+L15+N15+P15+R15+T15+V15+X15+Z15+AB15+AD15+AF15+AH15+AJ15+AL15+AN15 -> 0.8 | AQ15: =AO15-AP15 -> 10.2
C16: 개발1그룹PL (FO) | D16: 특급 | E16: kt ds | F16: 주지선 | H16: 45691 | I16: 46112 | K16: 1 | L16: =K16*$L$1 -> 1 | M16: 1 | N16: =M16*N$1 -> 1 | O16: 1 | P16: =$P$1*O16 -> 1 | Q16: 1 | R16: =$Q$1*Q16 -> 1 | S16: 1 | T16: =$T$1*S16 -> 0.6 | U16: 1 | W16: 1 | Y16: 1 | AA16: 1 | AC16: 1 | AE16: 1 | AG16: 1 | AI16: 1 | AK16: 1 | AM16: 1 | AO16: =+K16+M16+O16+Q16+S16+U16+W16+Y16+AA16+AC16+AE16+AG16+AI16+AK16+AM16 -> 15 | AP16: =+L16+N16+P16+R16+T16+V16+X16+Z16+AB16+AD16+AF16+AH16+AJ16+AL16+AN16 -> 4.6 | AQ16: =AO16-AP16 -> 10.4 | AR16: v
C17: 개발2그룹PL (FO) | D17: 특급 | E17: kt ds | F17: 강신재 | H17: 45677 | I17: 46142 | K17: 1 | L17: =K17*$L$1 -> 1 | M17: 1 | N17: =M17*N$1 -> 1 | O17: 1 | P17: =$P$1*O17 -> 1 | Q17: 1 | R17: =$Q$1*Q17 -> 1 | S17: 1 | T17: =$T$1*S17 -> 0.6 | U17: 1 | W17: 1 | Y17: 1 | AA17: 1 | AC17: 1 | AE17: 1 | AG17: 1 | AI17: 1 | AK17: 1 | AM17: 1 | AO17: =+K17+M17+O17+Q17+S17+U17+W17+Y17+AA17+AC17+AE17+AG17+AI17+AK17+AM17 -> 15 | AP17: =+L17+N17+P17+R17+T17+V17+X17+Z17+AB17+AD17+AF17+AH17+AJ17+AL17+AN17 -> 4.6 | AQ17: =AO17-AP17 -> 10.4 | AR17: v
C18: 개발3그룹PL (BO) | D18: 특급 | E18: kt ds | F18: 최해용 | H18: 45677 | I18: 46112 | K18: 1 | L18: =K18*$L$1 -> 1 | M18: 1 | N18: =M18*N$1 -> 1 | O18: 1 | P18: =$P$1*O18 -> 1 | Q18: 1 | R18: =$Q$1*Q18 -> 1 | S18: 1 | T18: =$T$1*S18 -> 0.6 | U18: 1 | W18: 1 | Y18: 1 | AA18: 1 | AC18: 1 | AE18: 1 | AG18: 1 | AI18: 1 | AK18: 1 | AM18: 1 | AO18: =+K18+M18+O18+Q18+S18+U18+W18+Y18+AA18+AC18+AE18+AG18+AI18+AK18+AM18 -> 15 | AP18: =+L18+N18+P18+R18+T18+V18+X18+Z18+AB18+AD18+AF18+AH18+AJ18+AL18+AN18 -> 4.6 | AQ18: =AO18-AP18 -> 10.4 | AR18: v
C19: 개발 계약 준비, 변화관리 | D19: 특급 | E19: kt ds | F19: 권정기 | G19: 추가투입 | H19: 45824 | I19: 46112 | S19: 0 | T19: =$T$1 -> 0.6 | U19: 1 | W19: 1 | Y19: 1 | AA19: 1 | AC19: 1 | AE19: 1 | AG19: 1 | AI19: 1 | AK19: 1 | AM19: 0 | AO19: =+K19+M19+O19+Q19+S19+U19+W19+Y19+AA19+AC19+AE19+AG19+AI19+AK19+AM19 -> 9 | AP19: =+L19+N19+P19+R19+T19+V19+X19+Z19+AB19+AD19+AF19+AH19+AJ19+AL19+AN19 -> 0.6 | AQ19: =AO19-AP19 -> 8.4
C20: 소계 | J20: =SUM(J6:J19) -> 0 | K20: =SUM(K6:K19) -> 7 | L20: =SUM(L6:L19) -> 7.25 | M20: =SUM(M6:M19) -> 7 | N20: =SUM(N6:N19) -> 7 | O20: =SUM(O6:O19) -> 7 | P20: =SUM(P6:P19) -> 7.25 | Q20: =SUM(Q6:Q19) -> 7.2 | ... U20: =SUM(U6:U19) -> 9 | W20: =SUM(W6:W19) -> 9 | Y20: =SUM(Y6:Y19) -> 9 | AA20: =SUM(AA6:AA19) -> 9 | AC20: =SUM(AC6:AC19) -> 9 | AE20: =SUM(AE6:AE19) -> 9 | AG20: =SUM(AG6:AG19) -> 9 | AI20: =SUM(AI6:AI19) -> 9 | AK20: =SUM(AK6:AK19) -> 9 | AM20: =SUM(AM6:AM19) -> 5.8 | AO20: =SUM(AO6:AO19) -> 123 | AP20: =SUM(AP6:AP19) -> 35.7 | AQ20: =SUM(AQ6:AQ19) -> 87.3 | AR20: =SUM(AR6:AR19) -> 0
B21: 테스트/이행 | C21: TA-Red-hat Openshift | D21: 특급 | E21: kt ds | F21: 이찬호 | G21: 철수 | H21: 45691 | I21: 45723 | K21: 1 | L21: =K21*$L$1 -> 1 | M21: 0.25 | N21: =M21*N$1 -> 0.25 | AO21: =+K21+M21+O21+Q21+S21+U21+W21+Y21+AA21+AC21+AE21+AG21+AI21+AK21+AM21 -> 1.25 | AP21: =+L21+N21+P21+R21+T21+V21+X21+Z21+AB21+AD21+AF21+AH21+AJ21+AL21+AN21 -> 1.25 | AQ21: =AO21-AP21 -> 0 | AR21: v
C22: TA-Red-hat Openshift | D22: 특급 | E22: kt ds | F22: 윤하림 | H22: 45720 | I22: 46112 | M22: 1 | N22: =M22*N$1 -> 1 | O22: 1 | P22: =$P$1*O22 -> 1 | Q22: 1 | R22: =$Q$1*Q22 -> 1 | S22: 1 | T22: =$T$1*S22 -> 0.6 | U22: 1 | W22: 1 | Y22: 1 | AA22: 1 | AC22: 1 | AE22: 1 | AG22: 1 | AI22: 0.7 | AK22: 0 | AO22: =+K22+M22+O22+Q22+S22+U22+W22+Y22+AA22+AC22+AE22+AG22+AI22+AK22+AM22 -> 11.7 | AP22: =+L22+N22+P22+R22+T22+V22+X22+Z22+AB22+AD22+AF22+AH22+AJ22+AL22+AN22 -> 3.6 | AQ22: =AO22-AP22 -> 8.1 | AR22: v
C23: TA-Red-hat Openshift | D23: 특급 | E23: kt ds | F23: 손정욱 | G23: ktds->A&T | H23: 45789 | I23: 45881 | Q23: 0 | R23: 0.59 | S23: 1 | T23: =$T$1*S23 -> 0.6 | U23: 1 | W23: 1 | AO23: =+K23+M23+O23+Q23+S23+U23+W23+Y23+AA23+AC23+AE23+AG23+AI23+AK23+AM23 -> 3 | AP23: =+L23+N23+P23+R23+T23+V23+X23+Z23+AB23+AD23+AF23+AH23+AJ23+AL23+AN23 -> 1.19 | AQ23: =AO23-AP23 -> 1.81
C24: TA-Red-hat Openshift | D24: 초급 | E24: kt ds | F24: 김지영2 | G24: 추가투입 | H24: 45691 | I24: 45852 | K24: 0 | L24: 1 | M24: 0 | N24: 1 | O24: 0 | P24: =P1 -> 1 | Q24: 0 | R24: =R$1*Q1 -> 1 | S24: 0 | T24: =$T$1 -> 0.6 | U24: 0 | AO24: =+K24+M24+O24+Q24+S24+U24+W24+Y24+AA24+AC24+AE24+AG24+AI24+AK24+AM24 -> 0 | AP24: =+L24+N24+P24+R24+T24+V24+X24+Z24+AB24+AD24+AF24+AH24+AJ24+AL24+AN24 -> 4.6 | AQ24: =AO24-AP24 -> -4.6 | AR24: v
C25: TA-Red-hat Openshift | D25: 초급 | E25: kt ds | F25: TBD | G25: 추가투입(김지영2 대체) | H25: 45833 | I25: 46081 | S25: 0 | T25: =$T$1 -> 0.6 | U25: 0 | W25: 0 | Y25: 0 | AA25: 0 | AC25: 0 | AE25: 0 | AG25: 0 | AI25: 0 | AO25: =+K25+M25+O25+Q25+S25+U25+W25+Y25+AA25+AC25+AE25+AG25+AI25+AK25+AM25 -> 0 | AP25: =+L25+N25+P25+R25+T25+V25+X25+Z25+AB25+AD25+AF25+AH25+AJ25+AL25+AN25 -> 0.6 | AQ25: =AO25-AP25 -> -0.6 | AR25: v
C26: SA(보안) | D26: 고급 | E26: kt ds | F26: 고영석 | H26: 45712 | I26: 46053 | K26: 0.25 | L26: =K26*$L$1 -> 0.25 | M26: 0.25 | N26: =M26*N$1 -> 0.25 | O26: 0.5 | P26: =$P$1*O26 -> 0.5 | Q26: 0.5 | R26: =$Q$1*Q26 -> 0.5 | AC26: 0.5 | AE26: 0.5 | AG26: 0.5 | AO26: =+K26+M26+O26+Q26+S26+U26+W26+Y26+AA26+AC26+AE26+AG26+AI26+AK26+AM26 -> 3 | AP26: =+L26+N26+P26+R26+T26+V26+X26+Z26+AB26+AD26+AF26+AH26+AJ26+AL26+AN26 -> 1.5 | AQ26: =AO26-AP26 -> 1.5 | AR26: v
C27: 개인정보영향평가 | D27: 고급 | E27: SGSecurity | F27: 김국영 | H27: 45740 | I27: 46010 | M27: 0.25 | N27: =M27*N$1 -> 0.25 | Q27: 0.75 | R27: =$Q$1*Q27 -> 0.75 | Y27: 0.25 | AC27: 0.25 | AE27: 0.5 | AO27: =+K27+M27+O27+Q27+S27+U27+W27+Y27+AA27+AC27+AE27+AG27+AI27+AK27+AM27 -> 2 | AP27: =+L27+N27+P27+R27+T27+V27+X27+Z27+AB27+AD27+AF27+AH27+AJ27+AL27+AN27 -> 1 | AQ27: =AO27-AP27 -> 1 | AR27: 특급
C28: 취약점진단/모의해킹 | D28: 중급 | E28: SGSecurity | F28: 김준성 | H28: 45733 | I28: 46017 | M28: 0.25 | N28: =M28*N$1 -> 0.25 | R28: =$Q$1*Q28 -> 0 | S28: 0.5 | AC28: 0.5 | AE28: 1 | AO28: =+K28+M28+O28+Q28+S28+U28+W28+Y28+AA28+AC28+AE28+AG28+AI28+AK28+AM28 -> 2.25 | AP28: =+L28+N28+P28+R28+T28+V28+X28+Z28+AB28+AD28+AF28+AH28+AJ28+AL28+AN28 -> 0.25 | AQ28: =AO28-AP28 -> 2 | AR28: 고급
C29: 인프라 취약점진단 | D29: 중급 | E29: SGSecurity | F29: 지정우 | H29: 45761 | I29: 46017 | O29: 0.5 | P29: =$P$1*O29 -> 0.5 | R29: =$Q$1*Q29 -> 0 | Y29: 0.5 | AC29: 1 | AE29: 1 | AO29: =+K29+M29+O29+Q29+S29+U29+W29+Y29+AA29+AC29+AE29+AG29+AI29+AK29+AM29 -> 3 | AP29: =+L29+N29+P29+R29+T29+V29+X29+Z29+AB29+AD29+AF29+AH29+AJ29+AL29+AN29 -> 0.5 | AQ29: =AO29-AP29 -> 2.5 | AR29: 중급
C30: 소계 | J30: =SUM(J21:J29) -> 0 | K30: =SUM(K21:K29) -> 1.25 | L30: =SUM(L21:L29) -> 2.25 | M30: =SUM(M21:M29) -> 2 | N30: =SUM(N21:N29) -> 3 | O30: =SUM(O21:O29) -> 2 | P30: =SUM(P21:P29) -> 3 | Q30: =SUM(Q21:Q29) -> 2.25 | ... U30: =SUM(U21:U29) -> 2 | W30: =SUM(W21:W29) -> 2 | Y30: =SUM(Y21:Y29) -> 1.75 | AA30: =SUM(AA21:AA29) -> 1 | AC30: =SUM(AC21:AC29) -> 3.25 | AE30: =SUM(AE21:AE29) -> 4 | AG30: =SUM(AG21:AG29) -> 1.5 | AI30: =SUM(AI21:AI29) -> 0.7 | AK30: =SUM(AK21:AK29) -> 0 | AM30: =SUM(AM21:AM29) -> 0 | AO30: =+SUM(AO21:AO29) -> 26.2 | AP30: =+SUM(AP21:AP29) -> 14.49 | AQ30: =+SUM(AQ21:AQ29) -> 11.71
B31: 표준화 | C31: AA (어플리케이션 아키텍처) | D31: 특급 | E31: kt ds | F31: 전재기 | H31: 45691 | I31: 45869 | K31: 1 | L31: =K31*$L$1 -> 1 | M31: 1 | N31: =M31*N$1 -> 1 | O31: 1 | P31: =$P$1*O31 -> 1 | Q31: 1 | R31: =$Q$1*Q31 -> 1 | S31: 1 | T31: =$T$1*S31 -> 0.6 | U31: 1 | W31: 1 | Y31: 1 | AA31: 1 | AC31: 1 | AE31: 1 | AG31: 1 | AI31: 1 | AK31: 1 | AM31: 1 | AO31: =+K31+M31+O31+Q31+S31+U31+W31+Y31+AA31+AC31+AE31+AG31+AI31+AK31+AM31 -> 15 | AP31: =+L31+N31+P31+R31+T31+V31+X31+Z31+AB31+AD31+AF31+AH31+AJ31+AL31+AN31 -> 4.6 | AQ31: =AO31-AP31 -> 10.4 | AR31: v
C32: AA (어플리케이션 아키텍처) | D32: 특급 | E32: 컨넥티드 | F32: 이용주 | G32: 철수 | H32: 45817 | I32: 45826 | S32: 0 | T32: =$T$1 -> 0.6 | AO32: =+K32+M32+O32+Q32+S32+U32+W32+Y32+AA32+AC32+AE32+AG32+AI32+AK32+AM32 -> 0 | AP32: =+L32+N32+P32+R32+T32+V32+X32+Z32+AB32+AD32+AF32+AH32+AJ32+AL32+AN32 -> 0.6 | AQ32: =AO32-AP32 -> -0.6 | AR32: v
C33: Framework Front Office 공통 영역, DS Core 설치, 배치스케쥴러 | D33: 특급 | E33: kt ds | F33: 이귀행 | H33: 45691 | I33: 46112 | K33: 1 | L33: =K33*$L$1 -> 1 | M33: 1 | N33: =M33*N$1 -> 1 | O33: 1 | P33: =$P$1*O33 -> 1 | Q33: 1 | R33: =$Q$1*Q33 -> 1 | S33: 1 | T33: =$T$1*S33 -> 0.6 | U33: 1 | W33: 1 | Y33: 1 | AA33: 1 | AC33: 1 | AE33: 1 | AG33: 1 | AI33: 1 | AK33: 1 | AO33: =+K33+M33+O33+Q33+S33+U33+W33+Y33+AA33+AC33+AE33+AG33+AI33+AK33+AM33 -> 14 | AP33: =+L33+N33+P33+R33+T33+V33+X33+Z33+AB33+AD33+AF33+AH33+AJ33+AL33+AN33 -> 4.6 | AQ33: =AO33-AP33 -> 9.4 | AR33: v
C34: Framework Front Office 공통 영역 | D34: 중급 | E34: kt ds | F34: 이명진 | H34: 45705 | I34: 46142 | K34: 0.5 | L34: =K34*$L$1 -> 0.5 | M34: 1 | N34: =M34*N$1 -> 1 | O34: 1 | P34: =$P$1*O34 -> 1 | Q34: 1 | R34: =$Q$1*Q34 -> 1 | S34: 1 | T34: =$T$1*S34 -> 0.6 | U34: 1 | W34: 1 | Y34: 1 | AA34: 1 | AC34: 1 | AE34: 0.5 | AG34: 0 | AI34: 0 | AK34: 0 | AM34: 0 | AO34: =+K34+M34+O34+Q34+S34+U34+W34+Y34+AA34+AC34+AE34+AG34+AI34+AK34+AM34 -> 10 | AP34: =+L34+N34+P34+R33+T34+V34+X34+Z34+AB34+AD34+AF34+AH34+AJ34+AL34+AN34 -> 4.1 | AQ34: =AO34-AP34 -> 5.9 | AR34: v
C35: DevOps 설계 및 구축,(Centro-x),Red-hat Openshift | D35: 초급 | E35: kt ds | F35: 김재완 | G35: 추가투입 | H35: 45705 | I35: 46142 | K35: 0 | L35: 1 | M35: 0 | N35: 1 | O35: 0 | P35: =P1 -> 1 | Q35: 0 | R35: =R$1*Q1 -> 1 | S35: 0 | T35: =$T$1 -> 0.6 | U35: 0 | W35: 0 | Y35: 0 | AA35: 0 | AC35: 0 | AE35: 0 | AG35: 0 | AI35: 0 | AK35: 0 | AM35: 0 | AO35: =+K35+M35+O35+Q35+S35+U35+W35+Y35+AA35+AC35+AE35+AG35+AI35+AK35+AM35 -> 0 | AP35: =+L35+N35+P35+R35+T35+V35+X35+Z35+AB35+AD35+AF35+AH35+AJ35+AL35+AN35 -> 4.6 | AQ35: =AO35-AP35 -> -4.6 | AR35: v
C36: Sub Application Architect | D36: 고급 | E36: kt ds | F36: 배진용 | G36: 철수 | H36: 45748 | I36: 45807 | O36: 1 | P36: =$P$1*O36 -> 1 | Q36: 1 | R36: =$Q$1*Q36 -> 1 | AO36: =+K36+M36+O36+Q36+S36+U36+W36+Y36+AA36+AC36+AE36+AG36+AI36+AK36+AM36 -> 2 | AP36: =+L36+N36+P36+R36+T36+V36+X36+Z36+AB36+AD36+AF36+AH36+AJ36+AL36+AN36 -> 2 | AQ36: =AO36-AP36 -> 0
C37: DevOps 설계 및 구축,(Centro-x),Red-hat Openshift | D37: 중급 | E37: kt ds | F37: 양지웅 | G37: 미정(6월) | H37: 45839 | I37: 46142 | U37: 1 | W37: 1 | Y37: 1 | AA37: 1 | AC37: 1 | AE37: 1 | AG37: 1 | AI37: 1 | AK37: 1 | AM37: 1 | AO37: =+K37+M37+O37+Q37+S37+U37+W37+Y37+AA37+AC37+AE37+AG37+AI37+AK37+AM37 -> 10 | AP37: =+L37+N37+P37+R37+T37+V37+X37+Z37+AB37+AD37+AF37+AH37+AJ37+AL37+AN37 -> 0 | AQ37: =AO37-AP37 -> 10
C38: PC-UI공통개발 | D38: 고급 | E38: 투비소프트 | F38: 주윤재 | H38: 45733 | I38: 46096 | M38: 0.5 | N38: =M38*N$1 -> 0.5 | O38: 1 | P38: =$P$1*O38 -> 1 | Q38: 1 | R38: =$Q$1*Q38 -> 1 | S38: 1 | T38: =$T$1*S38 -> 0.6 | U38: 1 | W38: 1 | Y38: 1 | AA38: 1 | AC38: 1 | AE38: 1 | AG38: 1 | AI38: 1 | AK38: 0.5 | AO38: =+K38+M38+O38+Q38+S38+U38+W38+Y38+AA38+AC38+AE38+AG38+AI38+AK38+AM38 -> 12 | AP38: =+L38+N38+P38+R38+T38+V38+X38+Z38+AB38+AD38+AF38+AH38+AJ38+AL38+AN38 -> 3.1 | AQ38: =AO38-AP38 -> 8.9
C39: 기획 | D39: 고급 | E39: 투비소프트 | F39: 조경탁 | H39: 45698 | I39: 45877 | K39: 0.75 | L39: =K39*$L$1 -> 0.75 | M39: 1 | N39: =M39*N$1 -> 1 | O39: 1 | P39: =$P$1*O39 -> 1 | Q39: 1 | R39: =$Q$1*Q39 -> 1 | S39: 1 | T39: =$T$1*S39 -> 0.6 | U39: 1 | W39: 0.25 | AO39: =+K39+M39+O39+Q39+S39+U39+W39+Y39+AA39+AC39+AE39+AG39+AI39+AK39+AM39 -> 6 | AP39: =+L39+N39+P39+R39+T39+V39+X39+Z39+AB39+AD39+AF39+AH39+AJ39+AL39+AN39 -> 4.35 | AQ39: =AO39-AP39 -> 1.65
C40: 디자인 | D40: 고급 | E40: 투비소프트 | F40: 신화연 | H40: 45740 | I40: 45892 | M40: 0.25 | N40: =M40*N$1 -> 0.25 | O40: 1 | P40: =$P$1*O40 -> 1 | Q40: 1 | R40: =$Q$1*Q40 -> 1 | S40: 1 | T40: =$T$1*S40 -> 0.6 | U40: 1 | W40: 0.75 | AO40: =+K40+M40+O40+Q40+S40+U40+W40+Y40+AA40+AC40+AE40+AG40+AI40+AK40+AM40 -> 5 | AP40: =+L40+N40+P40+R40+T40+V40+X40+Z40+AB40+AD40+AF40+AH40+AJ40+AL40+AN40 -> 2.85 | AQ40: =AO40-AP40 -> 2.15
C41: 퍼블리싱 | D41: 고급 | E41: 투비소프트 | F41: 서주영 | H41: 45761 | I41: 46035 | O41: 0.5 | P41: =$P$1*O41 -> 0.5 | Q41: 1 | R41: =$Q$1*Q41 -> 1 | S41: 1 | T41: =$T$1*S41 -> 0.6 | U41: 1 | W41: 1 | Y41: 1 | AA41: 1 | AC41: 1 | AE41: 1 | AG41: 0.5 | AO41: =+K41+M41+O41+Q41+S41+U41+W41+Y41+AA41+AC41+AE41+AG41+AI41+AK41+AM41 -> 9 | AP41: =+L41+N41+P41+R41+T41+V41+X41+Z41+AB41+AD41+AF41+AH41+AJ41+AL41+AN41 -> 2.1 | AQ41: =AO41-AP41 -> 6.9
C42: 모바일-UI공통개발 | D42: 고급 | E42: 투비소프트 | F42: 나종식 | H42: 45796 | I42: 45918 | Q42: 0.5 | R42: 0.5 | S42: 1 | T42: =$T$1*S42 -> 0.6 | U42: 1 | W42: 1 | Y42: 0.5 | AO42: =+K42+M42+O42+Q42+S42+U42+W42+Y42+AA42+AC42+AE42+AG42+AI42+AK42+AM42 -> 4 | AP42: =+L42+N42+P42+R42+T42+V42+X42+Z42+AB42+AD42+AF42+AH42+AJ42+AL42+AN42 -> 1.1 | AQ42: =AO42-AP42 -> 2.9
C43: 기획 | D43: 고급 | E43: 투비소프트 | F43: 최보윤 | H43: 45761 | I43: 45821 | O43: 0.5 | P43: =$P$1*O43 -> 0.5 | Q43: 1 | R43: =$Q$1*Q43 -> 1 | S43: 0.5 | AO43: =+K43+M43+O43+Q43+S43+U43+W43+Y43+AA43+AC43+AE43+AG43+AI43+AK43+AM43 -> 2 | AP43: =+L43+N43+P43+R43+T43+V43+X43+Z43+AB43+AD43+AF43+AH43+AJ43+AL43+AN43 -> 1.5 | AQ43: =AO43-AP43 -> 0.5
C44: 디자인/퍼블리싱 | D44: 고급 | E44: 투비소프트 | F44: 이은심 | H44: 45785 | I44: 45906 | Q44: 0.8 | R44: 0.8 | S44: 1 | T44: =$T$1*S44 -> 0.6 | U44: 1 | W44: 1 | Y44: 0.2 | AO44: =+K44+M44+O44+Q44+S44+U44+W44+Y44+AA44+AC44+AE44+AG44+AI44+AK44+AM44 -> 4 | AP44: =+L44+N44+P44+R44+T44+V44+X44+Z44+AB44+AD44+AF44+AH44+AJ44+AL44+AN44 -> 1.4 | AQ44: =AO44-AP44 -> 2.6
C45: PC-전본 퍼블리싱 | D45: 초급 | E45: 투비소프트 | F45: 박성조 | H45: 45785 | I45: 45906 | Q45: 0.75 | R45: 0.8 | S45: 1 | T45: =$T$1*S45 -> 0.6 | U45: 1 | W45: 1 | Y45: 0.25 | AO45: =+K45+M45+O45+Q45+S45+U45+W45+Y45+AA45+AC45+AE45+AG45+AI45+AK45+AM45 -> 4 | AP45: =+L45+N45+P45+R45+T45+V45+X45+Z45+AB45+AD45+AF45+AH45+AJ45+AL45+AN45 -> 1.4 | AQ45: =AO45-AP45 -> 2.6
C46: 소계 | J46: =SUM(J31:J45) -> 0 | K46: =SUM(K31:K45) -> 3.25 | L46: =SUM(L31:L45) -> 4.25 | M46: =SUM(M31:M45) -> 4.75 | N46: =SUM(N31:N45) -> 5.75 | O46: =SUM(O31:O45) -> 8 | P46: =SUM(P31:P45) -> 9 | Q46: =SUM(Q31:Q45) -> 11.05 | ... U46: =SUM(U31:U45) -> 11 | W46: =SUM(W31:W45) -> 10 | Y46: =SUM(Y31:Y45) -> 6.95 | AA46: =SUM(AA31:AA45) -> 6 | AC46: =SUM(AC31:AC45) -> 6 | AE46: =SUM(AE31:AE45) -> 5.5 | AG46: =SUM(AG31:AG45) -> 4.5 | AI46: =SUM(AI31:AI45) -> 4 | AK46: =SUM(AK31:AK45) -> 3.5 | AM46: =SUM(AM31:AM45) -> 2 | AO46: =SUM(AO31:AO45) -> 97 | AP46: =SUM(AP31:AP45) -> 38.3 | AQ46: =SUM(AQ31:AQ45) -> 58.7
B47: 데이터 이행 및 모델링 | C47: DA | D47: 특급 | E47: kt ds | F47: 이상민 | H47: 45705 | I47: 46068 | L47: 1 | M47: 1 | N47: =M47*N$1 -> 1 | O47: 1 | P47: =$P$1*O47 -> 1 | Q47: 1 | R47: =$Q$1*Q47 -> 1 | S47: 1 | T47: =$T$1*S47 -> 0.6 | U47: 1 | W47: 1 | Y47: 1 | AA47: 1 | AC47: 1 | AE47: 1 | AG47: 1 | AI47: 1 | AK47: 0.5 | AO47: =+K47+M47+O47+Q47+S47+U47+W47+Y47+AA47+AC47+AE47+AG47+AI47+AK47+AM47 -> 12.5 | AP47: =+L47+N47+P47+R47+T47+V47+X47+Z47+AB47+AD47+AF47+AH47+AJ47+AL47+AN47 -> 4.6 | AQ47: =AO47-AP47 -> 7.9 | AR47: v
C48: DBA | D48: 특급 | E48: 비플컨설팅 | F48: 김태현 | H48: 45796 | I48: 46112 | Q48: 0.25 | R48: 0.3 | S48: 1 | T48: =$T$1*S48 -> 0.6 | U48: 1 | W48: 1 | Y48: 1 | AA48: 1 | AC48: 1 | AE48: 1 | AG48: 1 | AI48: 1 | AK48: 1 | AM48: 0.75 | AO48: =+K48+M48+O48+Q48+S48+U48+W48+Y48+AA48+AC48+AE48+AG48+AI48+AK48+AM48 -> 11 | AP48: =+L48+N48+P48+R48+T48+V48+X48+Z48+AB48+AD48+AF48+AH48+AJ48+AL48+AN48 -> 0.9 | AQ48: =AO48-AP48 -> 10.1
C49: DB 성능 튜닝 | D49: 특급 | E49: 비플컨설팅 | F49: TBD | H49: 45946 | I49: 46096 | AA49: 0.5 | AC49: 1 | AE49: 1 | AG49: 1 | AI49: 1 | AK49: 0.5 | AO49: =+K49+M49+O49+Q49+S49+U49+W49+Y49+AA49+AC49+AE49+AG49+AI49+AK49+AM49 -> 5 | AP49: =+L49+N49+P49+R49+T49+V49+X49+Z49+AB49+AD49+AF49+AH49+AJ49+AL49+AN49 -> 0 | AQ49: =AO49-AP49 -> 5
C50: 매핑정의서관리, 검증, 데이터 이행 실행 SQL 생성 | D50: 특급 | E50: 비플컨설팅 | F50: 백성윤 | H50: 45779 | I50: 46096 | Q50: 1 | R50: =$Q$1*Q50 -> 1 | S50: 1 | T50: =$T$1*S50 -> 0.6 | U50: 1 | W50: 1 | Y50: 1 | AA50: 1 | AC50: 1 | AE50: 1 | AG50: 1 | AI50: 1 | AK50: 0.5 | AO50: =+K50+M50+O50+Q50+S50+U50+W50+Y50+AA50+AC50+AE50+AG50+AI50+AK50+AM50 -> 10.5 | AP50: =+L50+N50+P50+R50+T50+V50+X50+Z50+AB50+AD50+AF50+AH50+AJ50+AL50+AN50 -> 1.6 | AQ50: =AO50-AP50 -> 8.9
D51: 특급 | E51: 비플컨설팅 | F51: 이선영 | H51: 45810 | I51: 46096 | S51: 1 | T51: =$T$1*S51 -> 0.6 | U51: 1 | W51: 1 | Y51: 1 | AA51: 1 | AC51: 1 | AE51: 1 | AG51: 1 | AI51: 1 | AK51: 0.5 | AO51: =+K51+M51+O51+Q51+S51+U51+W51+Y51+AA51+AC51+AE51+AG51+AI51+AK51+AM51 -> 9.5 | AP51: =+L51+N51+P51+R51+T51+V51+X51+Z51+AB51+AD51+AF51+AH51+AJ51+AL51+AN51 -> 0.6 | AQ51: =AO51-AP51 -> 8.9
D52: 고급 | E52: 비플컨설팅 | F52: TBD | H52: 45839 | I52: 46096 | U52: 1 | W52: 1 | Y52: 1 | AA52: 1 | AC52: 1 | AE52: 1 | AG52: 1 | AI52: 1 | AK52: 1 | AM52: 0.5 | AO52: =+K52+M52+O52+Q52+S52+U52+W52+Y52+AA52+AC52+AE52+AG52+AI52+AK52+AM52 -> 9.5 | AP52: =+L52+N52+P52+R52+T52+V52+X52+Z52+AB52+AD52+AF52+AH52+AJ52+AL52+AN52 -> 0 | AQ52: =AO52-AP52 -> 9.5
D53: 중급 | E53: 비플컨설팅 | F53: 안병윤 | H53: 45810 | I53: 46096 | S53: 1 | T53: =$T$1*S53 -> 0.6 | U53: 1 | W53: 1 | Y53: 1 | AA53: 1 | AC53: 1 | AE53: 1 | AG53: 1 | AI53: 1 | AK53: 0.5 | AO53: =+K53+M53+O53+Q53+S53+U53+W53+Y53+AA53+AC53+AE53+AG53+AI53+AK53+AM53 -> 9.5 | AP53: =+L53+N53+P53+R53+T53+V53+X53+Z53+AB53+AD53+AF53+AH53+AJ53+AL53+AN53 -> 0.6 | AQ53: =AO53-AP53 -> 8.9
D54: 초급 | E54: 비플컨설팅 | F54: 이연우 | H54: 45810 | I54: 46096 | S54: 1 | T54: =$T$1*S54 -> 0.6 | U54: 1 | W54: 1 | Y54: 1 | AA54: 1 | AC54: 1 | AE54: 1 | AG54: 1 | AI54: 1 | AK54: 0.5 | AO54: =+K54+M54+O54+Q54+S54+U54+W54+Y54+AA54+AC54+AE54+AG54+AI54+AK54+AM54 -> 9.5 | AP54: =+L54+N54+P54+R54+T54+V54+X54+Z54+AB54+AD54+AF54+AH54+AJ54+AL54+AN54 -> 0.6 | AQ54: =AO54-AP54 -> 8.9
C55: 데이터이행 및 검증 자동화 프로그램 개발 및 모니터링 | D55: 고급 | E55: 비플컨설팅 | F55: TBD | H55: 45839 | I55: 45976 | U55: 1 | W55: 1 | Y55: 1 | AA55: 1 | AC55: 1 | AE55: 0.5 | AO55: =+K55+M55+O55+Q55+S55+U55+W55+Y55+AA55+AC55+AE55+AG55+AI55+AK55+AM55 -> 5.5 | AP55: =+L55+N55+P55+R55+T55+V55+X55+Z55+AB55+AD55+AF55+AH55+AJ55+AL55+AN55 -> 0 | AQ55: =AO55-AP55 -> 5.5
C56: 소계 | J56: =SUM(J48:J55) -> 0 | K56: =SUM(K47:K55) -> 0 | L56: =SUM(L47:L55) -> 1 | M56: =SUM(M47:M55) -> 1 | N56: =SUM(N47:N55) -> 1 | O56: =SUM(O47:O55) -> 1 | P56: =SUM(P47:P55) -> 1 | Q56: =SUM(Q47:Q55) -> 2.25 | R56: =SUM(R47:R55) -> 2.3 | ... U56: =SUM(U47:U55) -> 8 | W56: =SUM(W47:W55) -> 8 | Y56: =SUM(Y47:Y55) -> 8 | AA56: =SUM(AA47:AA55) -> 8.5 | AC56: =SUM(AC47:AC55) -> 9 | AE56: =SUM(AE47:AE55) -> 8.5 | AG56: =SUM(AG47:AG55) -> 8 | AI56: =SUM(AI47:AI55) -> 8 | AK56: =SUM(AK47:AK55) -> 5 | AM56: =SUM(AM47:AM55) -> 1.25 | AO56: =+SUM(AO47:AO55) -> 82.5 | AP56: =+SUM(AP47:AP55) -> 8.9 | AQ56: =+SUM(AQ47:AQ55) -> 73.6
B57: 인터페이스 (BEAST) | C57: 인터페이스 PL (Backoffice focal) | D57: 특급 | E57: kt ds | F57: 유시혁 | G57: 철수 | H57: 45691 | I57: 45807 | K57: 1 | L57: =K57*$L$1 -> 1 | M57: 1 | N57: =M57*N$1 -> 1 | O57: 1 | P57: =$P$1*O57 -> 1 | R57: =$Q$1*Q57 -> 0 | AO57: =+K57+M57+O57+Q57+S57+U57+W57+Y57+AA57+AC57+AE57+AG57+AI57+AK57+AM57 -> 3 | AP57: =+L57+N57+P57+R57+T57+V57+X57+Z57+AB57+AD57+AF57+AH57+AJ57+AL57+AN57 -> 3 | AQ57: =AO57-AP57 -> 0 | AR57: v
C58: 인터페이스총괄 | D58: 특급 | E58: 이너웨이브 | F58: 유기태 | H58: 45691 | I58: 46142 | K58: 1 | L58: =K58*$L$1 -> 1 | M58: 1 | N58: =M58*N$1 -> 1 | O58: 1 | P58: =$P$1*O58 -> 1 | Q58: 1 | R58: =$Q$1*Q58 -> 1 | S58: 1 | T58: =$T$1*S58 -> 0.6 | U58: 1 | W58: 1 | Y58: 1 | AA58: 1 | AC58: 1 | AE58: 1 | AG58: 1 | AI58: 1 | AK58: 1 | AM58: 1 | AO58: =+K58+M58+O58+Q58+S58+U58+W58+Y58+AA58+AC58+AE58+AG58+AI58+AK58+AM58 -> 15 | AP58: =+L58+N58+P58+R58+T58+V58+X58+Z58+AB58+AD58+AF58+AH58+AJ58+AL58+AN58 -> 4.6 | AQ58: =AO58-AP58 -> 10.4
C59: 대내외 인터페이스 분석/설계,사용자 인터페이스 분석/설계 | D59: 중급 | E59: 이너웨이브 | F59: 최민서 | H59: 45748 | I59: 45989 | O59: 1 | P59: =$P$1*O59 -> 1 | Q59: 1 | R59: =$Q$1*Q59 -> 1 | S59: 1 | T59: =$T$1*S59 -> 0.6 | U59: 1 | W59: 1 | Y59: 1 | AA59: 1 | AC59: 1 | AO59: =+K59+M59+O59+Q59+S59+U59+W59+Y59+AA59+AC59+AE59+AG59+AI59+AK59+AM59 -> 8 | AP59: =+L59+N59+P59+R59+T59+V59+X59+Z59+AB59+AD59+AF59+AH59+AJ59+AL59+AN59 -> 2.6 | AQ59: =AO59-AP59 -> 5.4
C60: 사용자 앱/웹 인증/인가 체계 설계,사용자 세션 인증/인가 체계 설계 대내외 시스템 인증/인가 분석/설계 | D60: 특급 | E60: 이너웨이브 | F60: 권산 | G60: 비상주 | H60: 45748 | I60: 45869 | O60: 1 | P60: =$P$1*O60 -> 1 | Q60: 1 | R60: =$Q$1*Q60 -> 1 | S60: 1 | T60: =$T$1*S60 -> 0.6 | U60: 1 | AO60: =+K60+M60+O60+Q60+S60+U60+W60+Y60+AA60+AC60+AE60+AG60+AI60+AK60+AM60 -> 4 | AP60: =+L60+N60+P60+R60+T60+V60+X60+Z60+AB60+AD60+AF60+AH60+AJ60+AL60+AN60 -> 2.6 | AQ60: =AO60-AP60 -> 1.4
C61: 커넥터(Socket, FTP, XML, SOAP, BigQuery) 대체 인터페이스 분석/설계 표준 프로토콜/코드패턴 규격 설계 | D61: 중급 | E61: 이너웨이브 | F61: 이해준 | H61: 45691 | I61: 46142 | K61: 1 | L61: =K61*$L$1 -> 1 | M61: 1 | N61: =M61*N$1 -> 1 | O61: 1 | P61: =$P$1*O61 -> 1 | Q61: 1 | R61: =$Q$1*Q61 -> 1 | S61: 1 | T61: =$T$1*S61 -> 0.6 | U61: 1 | W61: 1 | Y61: 1 | AA61: 1 | AC61: 1 | AE61: 1 | AG61: 1 | AI61: 1 | AK61: 1 | AM61: 1 | AO61: =+K61+M61+O61+Q61+S61+U61+W61+Y61+AA61+AC61+AE61+AG61+AI61+AK61+AM61 -> 15 | AP61: =+L61+N61+P61+R61+T61+V61+X61+Z61+AB61+AD61+AF61+AH61+AJ61+AL61+AN61 -> 4.6 | AQ61: =AO61-AP61 -> 10.4
C62: 커넥터(Socket, FTP, XML, SOAP, BigQuery) 모듈 개발 | D62: 특급 | E62: 이너웨이브 | F62: 이상근 | G62: 비상주 | H62: 45748 | I62: 45898 | O62: 1 | P62: =$P$1*O62 -> 1 | Q62: 1 | R62: =$Q$1*Q62 -> 1 | S62: 1 | T62: =$T$1*S62 -> 0.6 | U62: 1 | W62: 1 | AO62: =+K62+M62+O62+Q62+S62+U62+W62+Y62+AA62+AC62+AE62+AG62+AI62+AK62+AM62 -> 5 | AP62: =+L62+N62+P62+R62+T62+V62+X62+Z62+AB62+AD62+AF62+AH62+AJ62+AL62+AN62 -> 2.6 | AQ62: =AO62-AP62 -> 2.4
C63: API 관리 및 개발 지원 | D63: 초급 | E63: 이너웨이브 | F63: 김성민 | G63: 비상주 | H63: 45839 | I63: 45898 | U63: 0 | W63: 0 | AO63: =+K63+M63+O63+Q63+S63+U63+W63+Y63+AA63+AC63+AE63+AG63+AI63+AK63+AM63 -> 0 | AP63: =+L63+N63+P63+R63+T63+V63+X63+Z63+AB63+AD63+AF63+AH63+AJ63+AL63+AN63 -> 0 | AQ63: =AO63-AP63 -> 0
C64: 텔레멘트리 체계기반 트랜잭션 로깅 | D64: 중급 | E64: kt ds | F64: 신동민 | G64: 비상주 | H64: 45720 | I64: 46356 | M64: 1 | N64: 1 | O64: 1 | P64: =P1 -> 1 | Q64: 1 | R64: =$Q$1*Q64 -> 1 | S64: 1 | T64: =$T$1*S64 -> 0.6 | U64: 1 | W64: 1 | Y64: 1 | AA64: 1 | AC64: 0 | AO64: =+K64+M64+O64+Q64+S64+U64+W64+Y64+AA64+AC64+AE64+AG64+AI64+AK64+AM64 -> 8 | AP64: =+L64+N64+P64+R64+T64+V64+X64+Z64+AB64+AD64+AF64+AH64+AJ64+AL64+AN64 -> 3.6 | AQ64: =AO64-AP64 -> 4.4 | AR64: v
C65: Swagger 기반 API 문서화,swagger 기반 postman Json파일 제공 | D65: 중급 | E65: kt ds | F65: 이경현 | G65: 미정(6월) | H65: 45839 | I65: 46081 | U65: 1 | W65: 1 | Y65: 1 | AA65: 1 | AC65: 1 | AE65: 1 | AG65: 1 | AI65: 1 | AK65: 1 | AM65: 1 | AO65: =+K65+M65+O65+Q65+S65+U65+W65+Y65+AA65+AC65+AE65+AG65+AI65+AK65+AM65 -> 10 | AP65: =+L65+N65+P65+R65+T65+V65+X65+Z65+AB65+AD65+AF65+AH65+AJ65+AL65+AN65 -> 0 | AQ65: =AO65-AP65 -> 10 | AR65: v
C66: 소계 | J66: =SUM(J57:J65) -> 0 | K66: =SUM(K57:K65) -> 3 | L66: =SUM(L57:L65) -> 3 | M66: =SUM(M57:M65) -> 4 | N66: =SUM(N57:N65) -> 4 | O66: =SUM(O57:O65) -> 7 | P66: =SUM(P57:P65) -> 7 | Q66: =SUM(Q57:Q65) -> 6 | ... U66: =SUM(U57:U65) -> 7 | W66: =SUM(W57:W65) -> 6 | Y66: =SUM(Y57:Y65) -> 5 | AA66: =SUM(AA57:AA65) -> 5 | AC66: =SUM(AC57:AC65) -> 4 | AE66: =SUM(AE57:AE65) -> 3 | AG66: =SUM(AG57:AG65) -> 3 | AI66: =SUM(AI57:AI65) -> 3 | AK66: =SUM(AK57:AK65) -> 3 | AM66: =SUM(AM57:AM65) -> 3 | AO66: =+SUM(AO57:AO65) -> 68 | AP66: =+SUM(AP57:AP65) -> 23.6 | AQ66: =+SUM(AQ57:AQ65) -> 44.4
B67: UI / UX | C67: 기획/디자인 총괄 (바이널씨 PM) - PL | D67: 특급 | E67: 바이널씨 | F67: 황세진 | H67: 45691 | I67: 46127 | K67: 1 | L67: =K67*$L$1 -> 1 | M67: 1 | N67: =M67*N$1 -> 1 | O67: 1 | P67: =$P$1*O67 -> 1 | Q67: 1 | R67: =$Q$1*Q67 -> 1 | S67: 1 | T67: =$T$1*S67 -> 0.6 | U67: 1 | W67: 1 | Y67: 1 | AA67: 1 | AC67: 1 | AE67: 1 | AG67: 1 | AI67: 1 | AK67: 1 | AM67: 0.5 | AO67: =+K67+M67+O67+Q67+S67+U67+W67+Y67+AA67+AC67+AE67+AG67+AI67+AK67+AM67 -> 14.5 | AP67: =+L67+N67+P67+R67+T67+V67+X67+Z67+AB67+AD67+AF67+AH67+AJ67+AL67+AN67 -> 4.6 | AQ67: =AO67-AP67 -> 9.9 | AR67: 특급
C68: 그룹장 PL(총괄 관리) | D68: 특급 | E68: 바이널씨 | F68: 최승일 | G68: 추가투입 | H68: 45824 | I68: 46127 | S68: 0 | T68: =$T$1 -> 0.6 | U68: 0 | W68: 0 | Y68: 0 | AA68: 0 | AC68: 0 | AE68: 0 | AG68: 0 | AI68: 0 | AK68: 0 | AM68: 0 | AO68: =+K68+M68+O68+Q68+S68+U68+W68+Y68+AA68+AC68+AE68+AG68+AI68+AK68+AM68 -> 0 | AP68: =+L68+N68+P68+R68+T68+V68+X68+Z68+AB68+AD68+AF68+AH68+AJ68+AL68+AN68 -> 0.6 | AQ68: =AO68-AP68 -> -0.6 | AR68: 특급
C69: PL (제작가이드, 산출물 검수) | D69: 고급 | E69: 바이널씨 | F69: 고우정 | H69: 45705 | I69: 46127 | K69: 0.5 | L69: =K69*$L$1 -> 0.5 | M69: 1 | N69: =M69*N$1 -> 1 | O69: 1 | P69: =$P$1*O69 -> 1 | Q69: 1 | R69: =$Q$1*Q69 -> 1 | S69: 1 | T69: =$T$1*S69 -> 0.6 | U69: 1 | W69: 1 | Y69: 1 | AA69: 1 | AC69: 1 | AE69: 1 | AG69: 1 | AI69: 1 | AK69: 1 | AM69: 0.5 | AO69: =+K69+M69+O69+Q69+S69+U69+W69+Y69+AA69+AC69+AE69+AG69+AI69+AK69+AM69 -> 14 | AP69: =+L69+N69+P69+R69+T69+V69+X69+Z69+AB69+AD69+AF69+AH69+AJ69+AL69+AN69 -> 4.1 | AQ69: =AO69-AP69 -> 9.9 | AR69: 특급
C70: 앱웹 Front UXUI 상세 화면설계 | D70: 고급 | E70: 바이널씨 | F70: 우미숙 | H70: 45691 | I70: 46096 | K70: 1 | L70: =K70*$L$1 -> 1 | M70: 1 | N70: =M70*N$1 -> 1 | O70: 1 | P70: =$P$1*O70 -> 1 | Q70: 1 | R70: =$Q$1*Q70 -> 1 | S70: 1 | T70: =$T$1*S70 -> 0.6 | U70: 1 | W70: 1 | Y70: 1 | AA70: 1 | AC70: 1 | AE70: 0.5 | AO70: =+K70+M70+O70+Q70+S70+U70+W70+Y70+AA70+AC70+AE70+AG70+AI70+AK70+AM70 -> 10.5 | AP70: =+L70+N70+P70+R70+T70+V70+X70+Z70+AB70+AD70+AF70+AH70+AJ70+AL70+AN70 -> 4.6 | AQ70: =AO70-AP70 -> 5.9 | AR70: 특급
D71: 고급 | E71: 바이널씨 | F71: 정수정 | H71: 45691 | I71: 46081 | K71: 1 | L71: =K71*$L$1 -> 1 | M71: 1 | N71: =M71*N$1 -> 1 | O71: 1 | P71: =$P$1*O71 -> 1 | Q71: 1 | R71: =$Q$1*Q71 -> 1 | S71: 1 | T71: =$T$1*S71 -> 0.6 | U71: 1 | W71: 1 | Y71: 1 | AA71: 1 | AC71: 1 | AO71: =+K71+M71+O71+Q71+S71+U71+W71+Y71+AA71+AC71+AE71+AG71+AI71+AK71+AM71 -> 10 | AP71: =+L71+N71+P71+R71+T71+V71+X71+Z71+AB71+AD71+AF71+AH71+AJ71+AL71+AN71 -> 4.6 | AQ71: =AO71-AP71 -> 5.4 | AR71: 특급
D72: 중급 | E72: 바이널씨 | F72: 유경구 | H72: 45733 | I72: 46096 | M72: 0.5 | N72: =M72*N$1 -> 0.5 | O72: 1 | P72: =$P$1*O72 -> 1 | Q72: 1 | R72: =$Q$1*Q72 -> 1 | S72: 1 | T72: =$T$1*S72 -> 0.6 | U72: 1 | W72: 1 | Y72: 0.5 | AO72: =+K72+M72+O72+Q72+S72+U72+W72+Y72+AA72+AC72+AE72+AG72+AI72+AK72+AM72 -> 6 | AP72: =+L72+N72+P72+R72+T72+V72+X72+Z72+AB72+AD72+AF72+AH72+AJ72+AL72+AN72 -> 3.1 | AQ72: =AO72-AP72 -> 2.9 | AR72: 고급
D73: 중급 | E73: 바이널씨 | F73: 김강현 | H73: 45691 | I73: 46068 | K73: 1 | L73: =K73*$L$1 -> 1 | M73: 1 | N73: =M73*N$1 -> 1 | O73: 1 | P73: =$P$1*O73 -> 1 | Q73: 1 | R73: =$Q$1*Q73 -> 1 | S73: 1 | T73: =$T$1*S73 -> 0.6 | U73: 1 | W73: 1 | Y73: 1 | AA73: 1 | AO73: =+K73+M73+O73+Q73+S73+U73+W73+Y73+AA73+AC73+AE73+AG73+AI73+AK73+AM73 -> 9 | AP73: =+L73+N73+P73+R73+T73+V73+X73+Z73+AB73+AD73+AF73+AH73+AJ73+AL73+AN73 -> 4.6 | AQ73: =AO73-AP73 -> 4.4 | AR73: 고급
D74: 중급 | E74: 바이널씨 | F74: 장익준 | H74: 45720 | I74: 46387 | M74: 0.75 | N74: =M74*N$1 -> 0.75 | O74: 1 | P74: =$P$1*O74 -> 1 | Q74: 1 | R74: =$Q$1*Q74 -> 1 | S74: 1 | T74: =$T$1*S74 -> 0.6 | U74: 1 | W74: 1 | Y74: 1 | AA74: 1 | AC74: 1 | AE74: 1 | AG74: 0.25 | AO74: =+K74+M74+O74+Q74+S74+U74+W74+Y74+AA74+AC74+AE74+AG74+AI74+AK74+AM74 -> 10 | AP74: =+L74+N74+P74+R74+T74+V74+X74+Z74+AB74+AD74+AF74+AH74+AJ74+AL74+AN74 -> 3.35 | AQ74: =AO74-AP74 -> 6.65 | AR74: 고급
D75: 중급 | E75: 바이널씨 | F75: 김영근 | H75: 45720 | I75: 46387 | M75: 0.75 | N75: =M75*N$1 -> 0.75 | O75: 1 | P75: =$P$1*O75 -> 1 | Q75: 1 | R75: =$Q$1*Q75 -> 1 | S75: 1 | T75: =$T$1*S75 -> 0.6 | U75: 1 | W75: 1 | Y75: 0.25 | AO75: =+K75+M75+O75+Q75+S75+U75+W75+Y75+AA75+AC75+AE75+AG75+AI75+AK75+AM75 -> 6 | AP75: =+L75+N75+P75+R75+T75+V75+X75+Z75+AB75+AD75+AF75+AH75+AJ75+AL75+AN75 -> 3.35 | AQ75: =AO75-AP75 -> 2.65 | AR75: 고급
D76: 초급 | E76: 바이널씨 | F76: 김세진 | H76: 45691 | I76: 46387 | K76: 1 | L76: =K76*$L$1 -> 1 | M76: 1 | N76: =M76*N$1 -> 1 | O76: 1 | P76: =$P$1*O76 -> 1 | Q76: 1 | R76: =$Q$1*Q76 -> 1 | S76: 1 | T76: =$T$1*S76 -> 0.6 | U76: 1 | W76: 1 | Y76: 1 | AA76: 1 | AC76: 1 | AO76: =+K76+M76+O76+Q76+S76+U76+W76+Y76+AA76+AC76+AE76+AG76+AI76+AK76+AM76 -> 10 | AP76: =+L76+N76+P76+R76+T76+V76+X76+Z76+AB76+AD76+AF76+AH76+AJ76+AL76+AN76 -> 4.6 | AQ76: =AO76-AP76 -> 5.4 | AR76: 초급
D77: 초급 | E77: 바이널씨 | F77: 이태림 | H77: 45691 | I77: 46295 | K77: 1 | L77: =K77*$L$1 -> 1 | M77: 1 | N77: =M77*N$1 -> 1 | O77: 1 | P77: =$P$1*O77 -> 1 | Q77: 1 | R77: =$Q$1*Q77 -> 1 | S77: 1 | T77: =$T$1*S77 -> 0.6 | U77: 1 | W77: 1 | Y77: 1 | AA77: 1 | AO77: =+K77+M77+O77+Q77+S77+U77+W77+Y77+AA77+AC77+AE77+AG77+AI77+AK77+AM77 -> 9 | AP77: =+L77+N77+P77+R77+T77+V77+X77+Z77+AB77+AD77+AF77+AH77+AJ77+AL77+AN77 -> 4.6 | AQ77: =AO77-AP77 -> 4.4 | AR77: 초급
D78: 고급 | E78: 바이널씨 | F78: 조선자 | G78: 추가투입 | H78: 45748 | I78: 46022 | O78: 0 | P78: =$O$1*$P$1 -> 1 | Q78: 0 | R78: =R$1*Q1 -> 1 | S78: 0 | T78: =$T$1 -> 0.6 | U78: 0 | W78: 0 | Y78: 0 | AA78: 0 | AC78: 0 | AE78: 0 | AO78: =+K78+M78+O78+Q78+S78+U78+W78+Y78+AA78+AC78+AE78+AG78+AI78+AK78+AM78 -> 0 | AP78: =+L78+N78+P78+R78+T78+V78+X78+Z78+AB78+AD78+AF78+AH78+AJ78+AL78+AN78 -> 2.6 | AQ78: =AO78-AP78 -> -2.6 | AR78: 초급
D79: 고급 | E79: 바이널씨 | F79: 박지황 | G79: 철수 | H79: 45810 | I79: 45813 | S79: 0 | T79: 0 | AO79: =+K79+M79+O79+Q79+S79+U79+W79+Y79+AA79+AC79+AE79+AG79+AI79+AK79+AM79 -> 0 | AP79: =+L79+N79+P79+R79+T79+V79+X79+Z79+AB79+AD79+AF79+AH79+AJ79+AL79+AN79 -> 0 | AQ79: =AO79-AP79 -> 0
D80: 고급 | E80: 바이널씨 | F80: 유승용 | G80: 추가투입 | H80: 45824 | I80: 46263 | S80: 0 | T80: =$T$1*0.5 -> 0.3 | U80: 0 | W80: 0 | AO80: =+K80+M80+O80+Q80+S80+U80+W80+Y80+AA80+AC80+AE80+AG80+AI80+AK80+AM80 -> 0
D81: 고급 | E81: 바이널씨 | F81: 유지현 | G81: 추가투입 | H81: 45824 | I81: 46263 | S81: 0 | T81: =$T$1*0.5 -> 0.3 | U81: 0 | W81: 0
D82: 고급 | E82: 바이널씨 | F82: 안광훈 | G82: 추가투입 | H82: 45748 | I82: 46022 | O82: 0 | P82: =$O$1*$P$1 -> 1 | Q82: 0 | R82: =R$1*Q1 -> 1 | S82: 0 | T82: =$T$1 -> 0.6 | U82: 0 | W82: 0 | Y82: 0 | AA82: 0 | AC82: 0 | AE82: 0 | AO82: =+K82+M82+O82+Q82+S82+U82+W82+Y82+AA82+AC82+AE82+AG82+AI82+AK82+AM82 -> 0 | AP82: =+L82+N82+P82+R82+T82+V82+X82+Z82+AB82+AD82+AF82+AH82+AJ82+AL82+AN82 -> 2.6 | AQ82: =AO82-AP82 -> -2.6 | AR82: 초급
C83: 앱웹 화면 UI 디자인 | D83: 중급 | E83: 바이널씨 | F83: 배지효 | H83: 45726 | I83: 46127 | M83: 0.75 | N83: =M83*N$1 -> 0.75 | O83: 1 | P83: =$P$1*O83 -> 1 | Q83: 1 | R83: =$Q$1*Q83 -> 1 | S83: 1 | T83: =$T$1*S83 -> 0.6 | U83: 1 | W83: 1 | Y83: 1 | AA83: 1 | AC83: 1 | AE83: 1 | AG83: 1 | AI83: 1 | AK83: 1 | AM83: 0.5 | AO83: =+K83+M83+O83+Q83+S83+U83+W83+Y83+AA83+AC83+AE83+AG83+AI83+AK83+AM83 -> 13.25 | AP83: =+L83+N83+P83+R83+T83+V83+X83+Z83+AB83+AD83+AF83+AH83+AJ83+AL83+AN83 -> 3.35 | AQ83: =AO83-AP83 -> 9.9 | AR83: 중급
D84: 중급 | E84: 바이널씨 | F84: 윤혜림 | H84: 45726 | I84: 46112 | M84: 0.75 | N84: =M84*N$1 -> 0.75 | O84: 1 | P84: =$P$1*O84 -> 1 | Q84: 1 | R84: =$Q$1*Q84 -> 1 | S84: 1 | T84: =$T$1*S84 -> 0.6 | U84: 1 | W84: 1 | Y84: 1 | AA84: 1 | AC84: 1 | AE84: 1 | AG84: 1 | AI84: 1 | AK84: 1 | AM84: 0.5 | AO84: =+K84+M84+O84+Q84+S84+U84+W84+Y84+AA84+AC84+AE84+AG84+AI84+AK84+AM84 -> 13.25 | AP84: =+L84+N84+P84+R84+T84+V84+X84+Z84+AB84+AD84+AF84+AH84+AJ84+AL84+AN84 -> 3.35 | AQ84: =AO84-AP84 -> 9.9 | AR84: 중급
D85: 중급 | E85: 바이널씨 | F85: 박민정 | H85: 45748 | I85: 46112 | O85: 1 | P85: =$P$1*O85 -> 1 | Q85: 1 | R85: =$Q$1*Q85 -> 1 | S85: 1 | T85: =$T$1*S85 -> 0.6 | U85: 1 | W85: 1 | Y85: 1 | AA85: 1 | AC85: 1 | AE85: 1 | AG85: 1 | AI85: 0.5 | AO85: =+K85+M85+O85+Q85+S85+U85+W85+Y85+AA85+AC85+AE85+AG85+AI85+AK85+AM85 -> 10.5 | AP85: =+L85+N85+P85+R85+T85+V85+X85+Z85+AB85+AD85+AF85+AH85+AJ85+AL85+AN85 -> 2.6 | AQ85: =AO85-AP85 -> 7.9 | AR85: 고급
D86: 초급 | E86: 바이널씨 | F86: 김민지 | H86: 45726 | I86: 46112 | M86: 0.75 | N86: =M86*N$1 -> 0.75 | O86: 1 | P86: =$P$1*O86 -> 1 | Q86: 1 | R86: =$Q$1*Q86 -> 1 | S86: 1 | T86: =$T$1*S86 -> 0.6 | U86: 1 | W86: 1 | Y86: 1 | AA86: 1 | AC86: 1 | AE86: 1 | AG86: 1 | AI86: 1 | AK86: 1 | AM86: 0.5 | AO86: =+K86+M86+O86+Q86+S86+U86+W86+Y86+AA86+AC86+AE86+AG86+AI86+AK86+AM86 -> 13.25 | AP86: =+L86+N86+P86+R86+T86+V86+X86+Z86+AB86+AD86+AF86+AH86+AJ86+AL86+AN86 -> 3.35 | AQ86: =AO86-AP86 -> 9.9 | AR86: 초급
D87: 초급 | E87: 바이널씨 | F87: 이경진 | H87: 45748 | I87: 46356 | O87: 1 | P87: =$P$1*O87 -> 1 | Q87: 1 | R87: =$Q$1*Q87 -> 1 | S87: 1 | T87: =$T$1*S87 -> 0.6 | U87: 1 | W87: 1 | Y87: 1 | AA87: 1 | AO87: =+K87+M87+O87+Q87+S87+U87+W87+Y87+AA87+AC87+AE87+AG87+AI87+AK87+AM87 -> 7 | AP87: =+L87+N87+P87+R87+T87+V87+X87+Z87+AB87+AD87+AF87+AH87+AJ87+AL87+AN87 -> 2.6 | AQ87: =AO87-AP87 -> 4.4 | AR87: 초급
D88: 초급 | E88: 바이널씨 | F88: 민수연 | H88: 45726 | I88: 46356 | M88: 0.75 | N88: =M88*N$1 -> 0.75 | O88: 1 | P88: =$P$1*O88 -> 1 | Q88: 1 | R88: =$Q$1*Q88 -> 1 | S88: 1 | T88: =$T$1*S88 -> 0.6 | U88: 1 | W88: 1 | Y88: 1 | AA88: 1 | AC88: 1 | AO88: =+K88+M88+O88+Q88+S88+U88+W88+Y88+AA88+AC88+AE88+AG88+AI88+AK88+AM88 -> 8.75 | AP88: =+L88+N88+P88+R88+T88+V88+X88+Z88+AB88+AD88+AF88+AH88+AJ88+AL88+AN88 -> 3.35 | AQ88: =AO88-AP88 -> 5.4 | AR88: 초급
D89: 초급 | E89: 바이널씨 | F89: 박성호 | H89: 45748 | I89: 46341 | O89: 1 | P89: =$P$1*O89 -> 1 | Q89: 1 | R89: =$Q$1*Q89 -> 1 | S89: 1 | T89: =$T$1*S89 -> 0.6 | U89: 1 | W89: 1 | Y89: 1 | AA89: 1 | AO89: =+K89+M89+O89+Q89+S89+U89+W89+Y89+AA89+AC89+AE89+AG89+AI89+AK89+AM89 -> 7 | AP89: =+L89+N89+P89+R89+T89+V89+X89+Z89+AB89+AD89+AF89+AH89+AJ89+AL89+AN89 -> 2.6 | AQ89: =AO89-AP89 -> 4.4 | AR89: 고급
D90: 초급 | E90: 바이널씨 | F90: 김단비 | G90: 추가투입 | H90: 45810 | I90: 46022 | S90: 0 | T90: =$T$1 -> 0.6 | U90: 0 | W90: 0 | Y90: 0 | AA90: 0 | AC90: 0 | AE90: 0 | AO90: =+K90+M90+O90+Q90+S90+U90+W90+Y90+AA90+AC90+AE90+AG90+AI90+AK90+AM90 -> 0 | AP90: =+L90+N90+P90+R90+T90+V90+X90+Z90+AB90+AD90+AF90+AH90+AJ90+AL90+AN90 -> 0.6 | AQ90: =AO90-AP90 -> -0.6
D91: 초급 | E91: 바이널씨 | F91: 김원경 | G91: 추가투입 | H91: 45810 | I91: 46022 | S91: 0 | T91: =$T$1 -> 0.6 | U91: 0 | W91: 0 | Y91: 0 | AA91: 0 | AC91: 0 | AE91: 0 | AO91: =+K91+M91+O91+Q91+S91+U91+W91+Y91+AA91+AC91+AE91+AG91+AI91+AK91+AM91 -> 0 | AP91: =+L91+N91+P91+R91+T91+V91+X91+Z91+AB91+AD91+AF91+AH91+AJ91+AL91+AN91 -> 0.6 | AQ91: =AO91-AP91 -> -0.6
D92: 고급 | E92: kt ds | F92: 하윤정 | H92: 45691 | I92: 46096 | K92: 1 | L92: =K92*$L$1 -> 1 | M92: 1 | N92: =M92*N$1 -> 1 | O92: 1 | P92: =$P$1*O92 -> 1 | Q92: 1 | R92: =$Q$1*Q92 -> 1 | S92: 1 | T92: =$T$1*S92 -> 0.6 | U92: 1 | W92: 1 | Y92: 1 | AA92: 1 | AC92: 1 | AE92: 1 | AG92: 1 | AI92: 1 | AK92: 0.5 | AO92: =+K92+M92+O92+Q92+S92+U92+W92+Y92+AA92+AC92+AE92+AG92+AI92+AK92+AM92 -> 13.5 | AP92: =+L92+N92+P92+R92+T92+V92+X92+Z92+AB92+AD92+AF92+AH92+AJ92+AL92+AN92 -> 4.6 | AQ92: =AO92-AP92 -> 8.9 | AR92: v
D93: 고급 | E93: kt ds | F93: 최수연 | H93: 45691 | I93: 46081 | K93: 1 | L93: =K93*$L$1 -> 1 | M93: 1 | N93: =M93*N$1 -> 1 | O93: 1 | P93: =$P$1*O93 -> 1 | Q93: 1 | R93: =$Q$1*Q93 -> 1 | S93: 1 | T93: =$T$1*S93 -> 0.6 | U93: 1 | W93: 1 | Y93: 1 | AA93: 1 | AC93: 1 | AE93: 1 | AG93: 1 | AI93: 1 | AO93: =+K93+M93+O93+Q93+S93+U93+W93+Y93+AA93+AC93+AE93+AG93+AI93+AK93+AM93 -> 13 | AP93: =+L93+N93+P93+R93+T93+V93+X93+Z93+AB93+AD93+AF93+AH93+AJ93+AL93+AN93 -> 4.6 | AQ93: =AO93-AP93 -> 8.4 | AR93: v
C94: 퍼블리싱 초기 Front 환경 구성 개발 Framework 구성 : 노수윤 차장님 지원예정 | D94: 고급 | E94: A&T | F94: 박성일 | G94: 철수 | H94: 45761 | I94: 45790 | O94: 0.5 | Q94: 0.5 | R94: 0.5 | AO94: =+K94+M94+O94+Q94+S94+U94+W94+Y94+AA94+AC94+AE94+AG94+AI94+AK94+AM94 -> 1 | AP94: =+L94+N94+P94+R94+T94+V94+X94+Z94+AB94+AD94+AF94+AH94+AJ94+AL94+AN94 -> 0.5 | AQ94: =AO94-AP94 -> 0.5
D95: 중급 | E95: A&T | F95: 김용희 | G95: 철수 | H95: 45761 | I95: 45790 | O95: 0.5 | Q95: 0.5 | R95: 0.5 | AO95: =+K95+M95+O95+Q95+S95+U95+W95+Y95+AA95+AC95+AE95+AG95+AI95+AK95+AM95 -> 1 | AP95: =+L95+N95+P95+R95+T95+V95+X95+Z95+AB95+AD95+AF95+AH95+AJ95+AL95+AN95 -> 0.5 | AQ95: =AO95-AP95 -> 0.5
D96: 중급 | E96: A&T | F96: 정지우 | H96: 45790 | I96: 46007 | Q96: 0.5 | R96: =$Q$1*Q96 -> 0.5 | S96: 1 | T96: =$T$1*S96 -> 0.6 | U96: 1 | W96: 1 | Y96: 1 | AA96: 1 | AC96: 1 | AE96: 0.5 | AO96: =+K96+M96+O96+Q96+S96+U96+W96+Y96+AA96+AC96+AE96+AG96+AI96+AK96+AM96 -> 7 | AP96: =+L96+N96+P96+R96+T96+V96+X96+Z96+AB96+AD96+AF96+AH96+AJ96+AL96+AN96 -> 1.1 | AQ96: =AO96-AP96 -> 5.9 | AR96: 중급
D97: 중급 | E97: A&T | F97: 유승연 | H97: 45824 | I97: 45977 | S97: 0.5 | U97: 1 | W97: 1 | Y97: 1 | AA97: 1 | AC97: 0.5 | AO97: =+K97+M97+O97+Q97+S97+U97+W97+Y97+AA97+AC97+AE97+AG97+AI97+AK97+AM97 -> 5 | AP97: =+L97+N97+P97+R97+T97+V97+X97+Z97+AB97+AD97+AF97+AH97+AJ97+AL97+AN97 -> 0 | AQ97: =AO97-AP97 -> 5 | AR97: 중급
D98: 중급 | E98: A&T | F98: 채은미 | H98: 45790 | I98: 46007 | Q98: 0.5 | R98: =$Q$1*Q98 -> 0.5 | S98: 1 | T98: =$T$1*S98 -> 0.6 | U98: 1 | W98: 1 | Y98: 1 | AA98: 1 | AC98: 1 | AE98: 0.5 | AO98: =+K98+M98+O98+Q98+S98+U98+W98+Y98+AA98+AC98+AE98+AG98+AI98+AK98+AM98 -> 7 | AP98: =+L98+N98+P98+R98+T98+V98+X98+Z98+AB98+AD98+AF98+AH98+AJ98+AL98+AN98 -> 1.1 | AQ98: =AO98-AP98 -> 5.9 | AR98: 중급
